-- phpMyAdmin SQL Dump
-- version 5.0.4
-- https://www.phpmyadmin.net/
--
-- Host: 127.0.0.1
-- Generation Time: Mar 22, 2021 at 09:14 PM
-- Server version: 10.4.17-MariaDB
-- PHP Version: 7.4.15

SET SQL_MODE = "NO_AUTO_VALUE_ON_ZERO";
START TRANSACTION;
SET time_zone = "+00:00";


/*!40101 SET @OLD_CHARACTER_SET_CLIENT=@@CHARACTER_SET_CLIENT */;
/*!40101 SET @OLD_CHARACTER_SET_RESULTS=@@CHARACTER_SET_RESULTS */;
/*!40101 SET @OLD_COLLATION_CONNECTION=@@COLLATION_CONNECTION */;
/*!40101 SET NAMES utf8mb4 */;-- phpMyAdmin SQL Dump
-- version 5.0.4
-- https://www.phpmyadmin.net/
--
-- Host: 127.0.0.1
-- Generation Time: Mar 23, 2021 at 05:03 AM
-- Server version: 10.4.17-MariaDB
-- PHP Version: 7.4.15

SET SQL_MODE = "NO_AUTO_VALUE_ON_ZERO";
START TRANSACTION;
SET time_zone = "+00:00";


/*!40101 SET @OLD_CHARACTER_SET_CLIENT=@@CHARACTER_SET_CLIENT */;
/*!40101 SET @OLD_CHARACTER_SET_RESULTS=@@CHARACTER_SET_RESULTS */;
/*!40101 SET @OLD_COLLATION_CONNECTION=@@COLLATION_CONNECTION */;
/*!40101 SET NAMES utf8mb4 */;

--
-- Database: `risdb`
--

-- --------------------------------------------------------

--
-- Table structure for table `image`
--

CREATE TABLE `image` (
  `image_id` int(11) NOT NULL,
  `label` varchar(50) NOT NULL,
  `photo` mediumblob NOT NULL,
  `user` varchar(50) NOT NULL,
  `date_added` timestamp NOT NULL DEFAULT current_timestamp()
) ENGINE=InnoDB DEFAULT CHARSET=utf8mb4;

--
-- Dumping data for table `image`
--

INSERT INTO `image` (`image_id`, `label`, `photo`, `user`, `date_added`) VALUES
(1, 'Lungs_cat', 0xffd8ffe000104a46494600010100000100010000ffdb0084000a0708151615181616161919181a1c1f1c1c1c1c1a1f1c211e1e1f1e1c1e1e1c211c1f212e251c1e2b211c232738272b2f3135353521243b403b343f2e343531010c0c0c06060610060610311d161d3131313131313131313131313131313131313131313131313131313131313131313131313131313131313131313131313131ffc000110800e200df03012200021101031101ffc4001c0000000701010000000000000000000000000103040506070208ffc4004a1000020003040605080804030705000000010200031104122131054151617181062291a1f00713324252b1c1d1165462728292a2e1142333f134b2d2244344536493c2151773c3d3ffc40014010100000000000000000000000000000000ffc40014110100000000000000000000000000000000ffda000c03010002110311003f00a0811d810041c0118020e0400810500c01c1183810020408100204081000881020a0018060e0e94ce039307008d62040082f1f38060e004141c0802307020a000814c20e0a038220a143099100ac08281000c0300c01007020a0e0040800e1be0c0a8de3c180280042966b3bbb04446763905058f601163b2741ed6e05e092d7edbf5b8dd4069c0c0566eef1df054a45d4f93c9baad12ebf71c77c349dd03b5afa2654c1b04ca7f980a40554083642295522b954115e1b62c5f45eda9ff0eedb28e8465b9b1ce17b448d28e9e6de4ce6414a2e2c0532a62699ea80ac9944624506cd67753384c98973d1bb631c2cd335e629de4e10f2cfd08b6b668883edbafb96f180ae0348ede581420d54f68dc62e967f276e475ed080ec5466ef62b0e7ff006f40cad279ca14ecbf019f083a45cad5d009c3196f2df754a1ec6047ea8ae691d0f3a47f565ba0d4cc2aa783ad560184108e9908e1b4473002b03c7be01838010204178f7c01c1520e05200841c08100420e0a0e008c1c0086246c1a16d1390bc994f314304254034634c33a9cc6390ae3011cfee8b57473a1b3275264ebd2e5e6064efc01f441da7908b07467a1ab26932d203ccf553d254d753a9dfb86fce2e08a49db5f15806960d1f2e4adc948106ba66779638b1de62412cbac903742d2d02e1af59f8434b7e94972c566cd4960fb4454f0199ec8074a8837f110530ad321e381e114ed25d3ab325425f9a7681717f3363dd119ff00b82e480642ddc0e1331036fa34ca03424b35fa95c06f387231dff02c75af688a9d8bca3480975a53d35d2e9e75bdf0891b374f2c2cc055d4b5062ad99c2980809d7b030152700365612444c71272db107a5ba7563905d144c98ea0a9bb4ba0e44162c061bab15a9de50001d4906bf69c7c04068a64a61876611c9b3a6d23c708cd17ca14d2d57908cbb03329a0df422bca26e4f4f6cb70b1139587a9755abc0d694e3480b6bd94eaa1ee3fbc20cb9a9181cd4e20ee20e710167f28163271f3a9bd92a39dd27dd1669368973903abab2b64ca41dd98f74053b4cf42e4cc05a47f25f601d46e2bea711d919f692d19324bdc9a851f1a6b561b55b223dd1b6cd9654e3978f1ca19dbac72e6a149a81d09c8ea3b548c54ef1018811044c5c3a47d0d99201992099b2862548aba0de3d65de3b22a21c7b23bc40141477453b418e48cbb7c764011815810200e04082100144757b661049b36c2f61b1bcd98b2e5ad5d8d00f792750199300760b1cc9f3165cb52eedab60c3ac4ea51b6362e8ce8a4b2491297acc7ad31ea7162350d40014108747b41a5952e2d19dbd37a50b9a643620d43e312c8a4e5e3f680006200cf844859e4d0532da76ee0213b349f58e595769d8a22a5d35e98799ac8b3b7f369477188963d95dafb7671c839e9cf4a44866916760661f49f0212bab616e3946653dcbb16762cc73626a49de4e635419028c4b54e1a8926b8b1a9e1df04a2bc0666009850f7c0bd5a0a67db58058e153c20d49174838ee3963b76c00650ad43a8d0d22674759da54a36975c6b76ce08c19cff00bca7b28a0915d74d91d7463409b4bd5aa2521eb9d6c73080eddbb0522ebd26d08d3e522cabaad2c8280e0b4a5d232c301ddbe032e6c41249bd5e35ad6a6bdfce038381d4723bf5c5874b743ed28dfcb4f389902b4bdcd49aebdf10d68b24c9445f4743880aca41c86388c4630083a8048ae59eaaf2dd9448692d16f6732c4c0293103ad0d6a1863c1abf0860f76988c6f124fb969a8d6b1db4f770a19d8896bd50c49a548175766da6e300805d54dbfb44b747b4e4cb2bde5eb21f4d0e4dbc6c61b623919406bc0dfc2eecfb55da68708e538c06eba2ad096992b325b8646c0838329d6a7611b2399d288cfc7ef190f47f4f4db23df42191b07427aae3e0db1bfb46bda234a49b5cbbf2daa3235f491bd971b361ec804c123104c54ba4fd0d49d599202a4dccae48f9f2473b723af6c5ca749a12358cc6f848e701854e94c8ec8ea55d490cad81046a8347045d3b303b0eae51a974b7a38b6942e8009e83aa7db1ec37c0eae1195b2952410430c0838508ad411a8c07107020a00e08c1c0800057002a6b80f846afd12d01fc34b2ee079e99e9fd85cc203de77f08af7403405e3fc4cc1d553496a75919bf01ab7f08d04f8f7c07494f1dd0bc94bc42e409c7998442c43f4c74b9b359fa869326755377b4dc87bc4033e9d74c44b26cd66617c0a3b8c9355c5fb7b5bd5aedcb327c35835c6a356dae18c10cfac779ae7fde0d86ba5054d3ba009f034d9b205454e7c4d3bc708364033e54c8e39c117386ba78e3002eec23dd129d1fb0a4cb44b9734f51c91415bd5a1232cb218c450158b6f933901ed6ccdfeee5b15e24a8af61ef80d22c7a391115154220c940a42b3ece6829d833d7db0efc76c0f03c73804ecc8028db02759d1d68e8ac378af830afceb04d018bf4cf430b2da2e2fa0e2f26e18d47231066b978c37f38bff951b84caafa7d60bf7452b5e66280d84016590075ee8377c28052a28dbf86c1ba081f1be3aa6ba8db87c6b0057877c3ed11a5a6d9a609b29aeb64c3d5615c5586b1eece18560c0aecda4ecdd01b5687d34b6c94268a03e8b2fb2c3307c654859b0f1b6336e8169232ad210fa136886ba9bd46edc3f146a8a8a41806604523a79a003036996bd603f9a06b5d4f4ddaf763aa2f7365153bb5764254c375284771046b1018491ac4089de97684fe1a6d147f2e612c9b80cd38827b0888130070fb43e8e6b44e4940d2f9a13ac28c59b90f84318d1fa01a1ee235a1c10ef544ae6141178f3614e5016e932951551051140551b00a5217932ef1e7e3dd09f8f9c3fb3a5178c026f2711415ccd2327e9b691f3d6b7049b92fa8298e47af871af608d9664d12d0b1c0052cdf75549f8479f2692ecced4ab3127103126f180e50ae37ef53552951bff685274821435e0c990236ec23353c7be1265c6bab1a6ce1d9041a84f8e5007853b4409520b9ba2809f68d0769cabbf08265d59406727138e14e1000cb28c43a90c2a0a9c0834a7ef13dd04b5f9bb64ba7af790f0615f7810cb4468d6b43acb560090554926ede0a5956b4c8d290dec01d66214adf0eb76831a861853e101bc83064c7185dae030c4c3369c4e78eb15ed80792e686ad23a76a086d2ca9a6a2394382c3540653e520ff00b4a02729788de59a2a574d6913dd33b40996c9841f42ea56bad463de48e50868cd1d2dcde9b384a952d43335d2c4f5a815450558eaae5be022a5a5ea28d670da49180e1f387af3d1655cf3749c5a8ce7101062140d4d5a54ec021077457265debbd6ba5e80d31009035d21b980e88a8cc6eda7bb083b8c00201c77728296e54de5cc6e047ca159d6b7720b3b120606b4c06a0060394009130a3abeb560c39107e11bfcb55640ca07a2ac0fb408ac79f891b003efe5b7846cfd04b699d6492d9b4baca61b96974fe520c04a4e9755a767ca1811e3dfee8972331c6185a13134e3dfefc6020ba49a245a6434ba75c7590fdb1ab70391e3ba31da6da039638538c6eca6329e99d8c4ab5b85000625f8dfeb569c4b0808192e54d57d2d58571cb28dbac76712e5a20c91157b00a9e66a6329e86d904cb5ca0c2a149720fd817877d236092979a9ce014912aa45789e061f8d5bfe621bd9c624d6a4611dcdc8f0a40457940b5997629c4605eecb0773300dfa6a23167350771029dbf28d3bca3bb1b300c4fa6a31d54bd5e78465ec49cfc7ed0054d50039c72f1b3641af7eadde3e7057b563c3e301d1f1c60c21272c49a67af608e41cc570cfdf8c772e6321bca4a9d44614de08c8c05bfa03a5644b59925c0f38ec1a5b115ab81455aea21b11c4c5b7a2da2e5505a1e479bb454dea83d56c89507015ae7c62a5e4ef46d9a73b34c0de7a510e8b7a8a4023ad7759069dd1a3694d249679666ccbf756809552e713ac0c6900ada5850d7c6c86f225d4e3e3088db269c1697469003ca24ab3d18146a54064603385ad3a62cd2665c993d11f5a93b76fb3ce0251648d7bbe3062550d41a0d63b63a95315d43210ca72208208e221a69d2ffc34eb82afe6deed36953480c4adf3afcd98c31bee58620e64d371ce1cb0492ee8eb7cab15c85d7a660d715a1c432e3db11b41414fed045c8e3eff00de01e5a1a48972d515c3f58cc25aa0927ab746a004356c75003c6d89ed29d1c9f219558a12cb5175a94073049a63aa19e92d0768908932625d47345eb29ad46c049c867011977557dfe2b0551b2159a85475810c6840a528369e3e3380f8d49ce99f650c07018fc22e9e4e2dccb3a64b0c4064bc31d60807bbdd14d6a8cc9a6631ae7c0c58fa01299ada97464ae4f0a5390a980d6e4e0a06ef7473373077d0f8e38738e8290687314f1dddf09da09a81bfdf852019ba5091b3bc467de532451e4b8f59194fe160c3fce6346b52e3c7e1856287e52eb72ce47b4e3f4a7cbba021bc9d0ff6b3ba5b9ff28f8c6ad6318934dc38c64fe4ede96ca7b52dc0e3837b846b963f44c07729baec3c5467db0b52b41b48a42056eb8de3bf6c3853465dc40c7891014ef29d28ad9900c4198287f0b546ec477c65ac4e55f8c6dbe506cd7ac334dd04a1561ba8c2a7b098c4c938f8ef802d58fef1ce1a876c1ba50d2841c33d94819d701b4ff68008dc2bb088efcf38a518e18815c8f0ca3908286b5aeac30de09c08c38c116dd978e5012bd1ad2cd669be7942b754ab2b1a5e071c0edc2b172d25a59f4858bf907ccb99975c33dd17514b375e9d65a104f035df9fd9acf7cd2a68012df00379380c332225e4db25aa5033a751d3004a14752ac16b8d438a97f58d7200080e6c5a4ff8496e922733cc994bce9508b4385dbe2acd9e34038c46db6d6d39de63ddbefe915014160000d41acd05691c8428c09a3502b606a08205061c68441cc977ae917003875495a71bc6bcf18098e896997b3da1154d65b90ae95c31a0be06a20e31a61e925904c796d3d15d18ab07aae23038b0a11aa31fd16c7cf4aa01783a0a0d7d61ca2d5e517413899fc4221647003dd04946029788ceeb2818ed06017d2fd1bb04e72f22d92a5b31a95beac95271a0bc0ae3ca119bd1997669d265acf91e79ca93e7d6b55ad3f968414249f68d72a5228eb2af2b11ea804f334f791166b7e957496865cc9730dea87bb7ca35c447085d6abd64bd519df8091e94d97cccd2274d4633119d5d96f134c02117494c7261bf28a53bd4d6a785e269c204f9ecf8b1bc4d4926a4926a4e3ceb04c454530047f7ef8017c9f4892759271835a6181d7854532c37e7057700470fda072a9396dac02b864c01c2b55209cb68cf86622f1e4b24d67ce7caecb001d979bdf4531425143bf583b6a708d37c9415bb68a90199900e0a0fc5a02f73d45e14f647bcd21938ab8d7857b3fbc2f3dc17201c801d86a7e509ca199df86fcbbb08042da461ce33cf29d331b3cbfbec7f4a8f7468169604e1978ef8c97ca0db2fdb1941c252aa7e2f49bbda9ca022b41dbfcc5a254d392b0bdf74f55bb898dc2cd30034ae040a76606bac479fc46a5d03d31e7a4f9a63fcc940531c593511bd723ba901779a326d99f8f1ae03beb1e298c27679b5c0e74d7ac424ec52a3f7c38c04869494b32cf3549eabcb61daa63cf8eb977fb8c6e531cdd009eaf1c8c639a66c865cf988464c698ea635077e1011d7b66237f761ab941335759ca9d9972101878a411c08d7e32ac039976498c0dd4620624dd341b2ad90ed8ed2d5fcb328aa917efd7235bb77d2f640d594377b53b00acec57529634e4b9087da24204b43ccf5655130c4bb90a0f002b5804c4e65427052e702a284505388c0d7f2c3579acc14331210516beaad49a0dd5270e31da2bcc744ad4b1545ae00548031d82bdd0adbeca126ba21be88c5038c9a8295078d6038b35c045fadd268698d06dde6b4ef86ecb854c39b2591e63a4b4179dd80551aebbc9a018135d548d13a31d06f3644d9c559c7a2b9a29dbf69abc877c047741ba2ad7d2d13c5d0bd64439d753b0d5b40e71a4213b7c5208cb231205768cb54051e3c7080a57943d0e82435a51555d4aacca0a5f566515246b047be29af6e90da3d2481fce49c5ea47aa6f1ad75e040a6e8b9f945d388927f864605e6302f4a1ba83100ec24d395633061fb4019a6ca63ca3b9922eddaeb01857d93ac6ead7b212ad61647268a6a556b41ac0389c76571ed804db2ef80895a0cab86cce1c4eb2b25cad08750ea41a820fc41041d8612ccd69be901caa626a68473cb54685e4eece44a7738077ba382ae3de7ba29164b2bcd7544179d881af1de786d8d96c5a216cd21141c10529bce24d75926008e600df0f27ccbaa00cf57cf8c37b2a7ae70c30f9c7131ea7ddf08061a5f49259a4bcd6f57041ed39add5f89dc0c62936633b33135662493b49353171f28fa4afcd5900d5650ab6f77c4d780a0ed8a6c0087da1b493d9e724d5f54e23da538153b4110c608406ef227abaa3a1aab00c8771f8eae50f5faeb5198cfba33bf277a6aa0d95db1c5e513dac9ff0090e717b973286beed701d26b1ca9146f283a3bd09e065d47a7e83c357645fa6cba8bebe3b75c2f6db04ab4c92ae281c5d6230a1f98388301834b964b01780a664e435d4915a422176e1be98766b896d3da1e659a6b4b7aed534c186a20f8a4302168299e35c70dd4ef80430836186075f3e24733000dd1c98003df0aa2adea5ea2fb54240a8d99e7847094a8ae02a2a76639efa41ba8bd453500d2f1c2bbe9aa02ebe4cec57ed2ccc3fa687b5cd33d78061ccc6aec4eacbc6a8a0792b90424d7daf706f0aa4e1baac6340032ae1c20081233a6a1ca9fde2b7d2a98f2644d74cd14953b2a30ec3ee8b2919d35f8a430d31295d2eb8aa302ac38880c117ae1c924be071a92da8f3c44240ede70fb4be8c7b34d329ab9d50fb601c1b8ed1a8c3245da2be36ea8052648ba8af5c19980197a2054f6984878f8c3969d5454a0051c95d783017876a8ed8451c837867c0538538402d31d8a229c96f018ea26b96accc26a2b58e8101483b88386fa8cf0af6c5bba25d12335d664f176592084c8bebe4bde7be0277c9ce812aa6d2eb46717650d6175b73d5b845c2d86f32a634189e34cb8fce1d4d60a02ad01a5146a1aabc0445ce9b4aaa9fbc76939c0713e657aa321e39c31b7db9244b79cfe8cb15a7b4d922f1261caad701cfc6c8cc3a73d21168712a53564cb2711ebbeb7fba321cceb80acda6d0ceeeee6acec598ef26a612100c030075810fded218d262063ad8751f99028dcc738e4d911bd0704fb2f446edadd3da201a4a98c8caca4ab29bca41c41142088d73a2fd214b5a50f567a0eba7b43db5da0eb1a8c64b3e43a1a3a953bc11ef8166b4bcb7574728ea6a181a106037792f74e1cc670fecb380a918a9f49766fa78ac51fa33d309769a24d225cedb5a239c71049ea36eec8b4f581d84728079a6b434ab54bf36e2a334619a9da0fc3588c934f746e75958ab80c87113156a29b4eb53dd1add96d87e6351f918753fcdcc52ac391a7c702203cfcea060a4e34aefd94a42377c631aae96e83d998d52a876a3023f21cb94442793e1507cfb537201ef34ed80a1ddf99dd123a1741cdb4b85406ed45f723aabcf5b6e117fb0742acc9894698d5a8bed5187d95a03ce27bf862a0280aaa300aa301c8400d0d644b3cb54963aa9863eb1399275924989836a15c063bfc630c52762ab745d5c48dbbc987c6e1c29749e5de2008da8815a03fde0926dfc1948072246be31d4ab32a9ab316a0d79531d5095aa6971747554eb3ae9fbc043e95d0a9350a4d40e95a823353b4118a98a1e94e84cc427ccb098b9dd637587c1bba34b49ee30ae5854e275eb87067d7300f15c603127d07695c0d9debb96a3b443bb1f45ed2f814b836b9bbc45338d75a521cd072c238f36a354055742f44e5c921d8198e35b0a203b429cf898b7ca0ab4228ce71c325de7c76422cea0549c3c614d708bce27018080526da0e34a927d26f80d9b2104424d3b776dc755212b44e49685e630445cd9b01c07b47708cdba53d317b4032a4832e41f489c1e67def657ecf6ec8079d34e97070d66b33753299307aff00613626d3af8674687367b23b8aaa9ba3363d551c58e1df0b895293d26331b62d5579b9c4f2038c0305524d00a9d9430ec68c99995ba3ed109dcd8c2c2d5308210045d6105c1cdeb78f3261dd83a3b6a9c2fa49374face4203f8988ac048ff15629e28e8d677da80cc97f909be83ee9846d7d159976fca2b393db944b8fc4a3ae9cd4f18889f2191991d4a321a3291420c1d9ad2f2d83cb7646191562bee30094ab53a0bb5aad71460197f29ca3a264bfa4a659da9d65fca7ac3913c226dba42b370b5c849df6d7f97306fbeb837020c72da12cd3b1b35a42b1ca5da288dc038ea3774041be8f6a12949836a1a91c569797988b2746fa68f2692ed17a64ac8366e9c09f4946c3ca21b48687b4d9cde992dd00c438c5793a9bbdf080b696a075599bc8a37e75a13ceb01b359e7a4c40f2dc3a364c31fdc1dc61d4b9f4f4bf7fde31ed0da58d9def4998d2ebe923adf46dc4ae3ceed77c5ff0045f4a654d0038b8faca113138d075d79ac059931d6187611f38ea58d4450f0ae10ce5b239ea3a36e5615fcb5ac2b71c6a2298e3aa01d5295f7426aa71a934e3e308e52d4460df2ee8504f539f7e301caba82478fde3b188fed9472421d5e386463a0c835f28059661650a751153ee1dbee8489d9dfee849ddb214bb81a61aa14563ec03bfc6501cbccc69b31c76c752deb5343e39c19761ea18e5ddf3202ed2683df9402d43e308673a60aede587be1acfd23247a535588d49572392034884d23d30b34ba84a3b0f6d801f952f3f68101610acc769ee1df4115ed35d2db3c82513fda276a44c541fb4c3d2e0229da67a5932782acee53d85fe52730a4bbf361102f6c7a5d04229f550050789cdb9930123a62d93ed0f7ed3342d3d1402f5dfbb2d7053bd8830c44d44f412f1f69fadd8805073ac3fb1f462d2ea19944a97edce6f36bcaf62dc81874967b048c59ded4e352565cb07effa6dca9011b2ecb3e7b85a3bb6a500923820c872022617a372e4e36a9c92cfb1e9cce1710dd5fc44f086d6ae92cf65292eec8967d4942e57ef37a4c789886c7338c0585f4eca95859a428232993a8efc553d04e40c2d67d26c259b65acb4feb5c932d98d19bd76a6415570c066444368ad1af3dcaa90a8bd6776c111066cc7dc35c23d20d24b3a62acb044994be6e503ec8c4b11ed3b558f2d900e6cfd23beaa96a942d0aa2eabd4a4e41b04cc6f81b1c1e30ba68cb34eff000d6901cffbab4525bf05715473cc4568c08096d21a3a7483766cb643aaa280f06c987086a7c7830e3477482d3256e23de4d72dc0743f81ab4e5487eba46c537fab21ecee737906f2576994e6a07dd6806f61d31689228935954e6a4de43c51aaa7b21c3692b3bff5acb2ebedc86325b8dd15427f0c769d1f1331b35a254fd897bcdbf347a1ec2623adba3e749349b2dd0fda52077e0601e1d1f637fe9da5e59f667cba8fcf2ebdeb04fd16b43632c4b9e33aca988e7f2921c764464737358c08d98403d716cb3e0c27cba6a60e07ea1487166e96dad0504e24760fd14c613b2e9bb54bc12d1300f66f9a761c21c9e934e6fea24999f7e4a31edbb5ef807b23a7d6b518dc6ed3dec5ab0ed3ca24ef5a4a1e63fd18c437fead21bd3b0d9ff05f4ee57a40fe32c473b1b0fb96871fe60d013c3ca2bffc85ee3f28e1bca1ccd497782a7c6b109e7ac07fe1e78e13c7c65c0bf60ff9368ffbcbff00e70128fd3fb41d73391963ff00acc20fd39b49f59f9cc1ff00822c33fe22c1f569c78cff0094b103f8fb18f46c20fdf9d31bdc54401cee975a8faf4fc730ff00e74ee861374dda1ce2f53b956bc8d2b0ff00ff005d45f42c7645de65973fad8c06e95dab247596364b444ef550601a2688b6cfc7cd4f71b5c3ddfccd4502173d1b64feb4fb3c9da0ccbeff00925863de2195aadf3a6ff526bbfde766f7986ca8065012e255813369f6823605928799bce7ba3a5d3c53fc3c89527ed05beff9def11ca910f5891b0e81b4cd17924bddf6985c51f89e8bdf00ced76b798c59dd9db6b3127b4c25130da3acd2bfc45ad188ce5d9c79d6e05f0553ccc707a432a57f85b3221ff993bf9d338853d443c0180e2c1a0ad1316f84092c67326309683f1b67cab0abb58647a4cf6b71eaa565ca077b9ebb0fba0442e90d23367b5e9d31ddb5166ad380c979010d6025349e9c9b3944ba24b920d44a96b752bed36b76dec4f288c811c318034683a7f689afa19a43eab33f4ffaa0d7a1d6ff00aaccfd3f380848389cfa1d6ffaaccfd3f381f436dff5599fa7e70104444a587a456b922ea4f7bbecb1be9c2ebd4439fa1d6ffaaccfd3f381f43adff5599fa7e700a0e924b7febd8a43fda965a437e9254f6476b3346bfad69907ed2a4d51cd4ab539421f43adff005599fa7e703e875bfeab33f4ff00aa01cae8792ffd2b7d99b7397927b1d69df1dfd13b51f411260db2e623fb9abdd0cfe86dbfeab33f4ffaa395e865bc1ff0b338f57e700a4ee8f5ad7d2b34e1f818f7810cdec9317d2973071461ef112927406964f452d4bf76611ee787b2ecba7572fe2b9ccafbd8c056994ec3d8608245ac2e9fff00a8e610fbe0e9a7f64ffcb2fe5015408c725278030ba68e9cde8ca98784b63f08b115d3ff00f53cae0f742132c1a6dbd2fe2ffee11ee7806727a316c6cacd37f1215ef6a4287a31397fa8f2257ff24f453d809308cee8c6947f4e4cf7fbcf7bded080e865bfeab33b17e700e8e8eb227f52de84ec932de67eaa2ac70d6ed1c9e8c9b44f3b5dd652f62066ef847e86dbfeab33f4fce07d0eb7fd5667e9f9c029f4add7fc3c8b3d9f615961dc7e37bc7ba222dfa4a7ce359d35e66e7624725c876449fd0eb7fd5667e9f9c0fa1d6ffaaccfd3f380828389cfa1d6ff00aaccfd3f381f43adff005599fa7e7010502277e875bfeab33f4fce08f43f487d5667e9ff0054040b18e627be86690faaccfd3fea81f433487d5667e9ff005407a1e040810020408100204081002040810020408100204081002040810020408100204081002040810020408100204081002040810020408101ffd9, 'Admin', '2021-03-22 02:52:40'),
(3, 'Leg_X-ray', 0xffd8ffe000104a46494600010100000100010000ffdb0084000a0708121115181212161818111818181919181a1a151818191a18191a1a181819181c212e251c212b2118182638272b2f313535351a243b403b333f2e343531010c0c0c100f101812121a342121213434343431343434343434343434343434343434343431343431343134373434343434343434343434343434313431343434ffc000110800b5011603012200021101031101ffc4001c0001000105010100000000000000000000000201040506070308ffc40042100002010203060208050301050900000001020003110421310506124151612271071332425281a1b16291c1d1f01423723392b2d2e1f1162443537382a2b3c2ffc4001801010101010100000000000000000000000001020304ffc4001c1101010101010101010100000000000000000111023121611241ffda000c03010002110311003f00b9ddcdd3d9e70d42a54c3abd47a54d98b711bb32024904db533203753022ff00f76a5fec29b795c4bed88a7d4511d29201f24597d2f5e91afd4ddbc22fb34298eeb4d01f9d84b77ddfa056e516dcac17f499dc656b5b23afe93db074831b9161afce65a6adff0062e99404a82492795fe92d29eeaa530eacac69ba1565e605eea40391208079693a15989c84f1c5616f6b6bd3f5bc986b876f26e83e155aaa10d48731cbcc7f359aa7099daf7c505729b3b0f9b1e16aa45c850330a7be87cbce468fa3ea74d07ac01bafcad1298e2913a2edbdc51e27a20af082c467c361ed1cc9b659eb69a950d815dd0d41c2a96cb8aea5bfc411761df4ef2ea630f3b9fa1adeef5b44e02b37f7a90bd226fe2a7a709ff1247fed23e19c3ea532a6c65d6c8da3530b5931148daa5360c3a1e454f620907b132a3b80dad5367d5a8ac988c48a5eace3eb557665e0ac582d4c361d5d805bf1122c2ca96b6771cef7a775a8e176a7f48388e1eaf8d151e9a3a870dc281aa10a087161739adb999b0d3f4b3490d4aeb866feaea2d3573c764229f17078ae74e26d145fa89ceb68edec4e2310d8c7a8c310c6fc684a15cb86ca41b80065e5025bcd83a787c4d4a547fd35e102edc6c3c0a583919710248603206e06931179ef89c43d562f51d9dcdaecc4b31b0005d8e66c001f29e102a0c5e522f0aade54191959048192533ce2f0af6bca879e5795064c35ec1e483cf0064818c35ee1e483cb70d241a670d5d2bcf4579681e4c3c98d6afd2ada5454964af26af262eaf55e7bd3a931caf3d91e1759415225987881dc7034f81117a228fc944b961315b03141e8a8e2e228145fa8b7849fa8f94c896e5fcf94ef7eb8bc5f0fc5a5f4faf790472a01e9a8fb997ada70a9cf9f695a0a1c15a9af23fbcce2bcd31f4e9a7131006a4e969a96dbdf56acdfd2e0071b9c9aae5c2b7f82f91f3d3ce59fa42c1d6a8e946903c19f10cc037d09ec2df591ddcd8f430609a8454c4121b841f025b9db9b1bccae361dd6d854f0838ea3f1d66cea35ef99ccd89cceba9d667aa6296a9b2e834d73eff79816abeb9828b676d2f63d8f94bd7bd3b534d01bb36b73d8fd2151c4609aa87a6bef8646d3256465b0f9b0d66a38ed988e81d010a141016fa28b7065d6df233a0612a8565272208cfe7cff0079a663f14985c654a157c1e2e24b801191cdd181395fddcedecda06a1b7f76dde81c4d352782c5d2de255eb61d2f9fcbacd1da81e53bb60f1c55cb5355297b387ba87d411623a5c7ce68bbd9ba86996c56154b6118dca8cda81e68e3e10746e9adad2ca9639e95225264ce1b8a78d5c11e52ea62ca249948d646542222022220222040aca810049091a540920250494caa9c326048893102a164d5644490904809e8aa2798935907aaa89ea93c94c9a991a5da989e6a62456ddb95bc749aa7ab1e06642bc2c7560411c279e8dde6ec98b297d49e5d05bef3e7952466394dc362efad4a6053c478d065c76bb81df3f179eb3b5727504db001b1e7cff7997c3e283af2ed6fd2733a5b6f0f50dd2aa827dd3617bf406c7e5360c06d0555bab8b0d412005fccc9aad8b7807f64b6458b205ff6c7e826bb88d86c1bd67bba9bdfcf95af9ccad2c60c5bab5ed41330740ed95c8ec34f999eb8cdab4f88a64001cf2f33dfe579158ac2e3451a9655b136cd8dc9f3bdbb4d86931a8389b26d4f7f2335d714ab126ff3bf95b3e979e983c63537e06c80cb8bec0f6ee241b221272e7fbcc7ef86ed9da3455932c6510783971a1ccd327bea0f23e732149c1b31395bcc1fda7ad2c4f010ca6e3f33e47acb0716c36d7c561d88e373c24864a973623220839a916d26f5badb7a962080ae12bdac518801c7c39fb5325bedba29b414e270a02e3547897202ba81f9061c8f3d0f2238dd50c8c558323a9b10410cac35046a0884d74bde1dc74ac5aa61004ae336a27256ee9f09eda1ed341a94f849a7514aba92194820823a89b36ecefdbd2e1a58c2cf4864b5467529f9fc6bdb59b96ddd8187da74d6a2327ac61e0ae99abfe17fd8e6215c6b158656e9315570ecb367da9b36be0dcd3c42106f937baddd4fe92d1e9871a097531ae18993c4e04f498f64225d4c4222254248488938580921292a246928112b32901242464845548490911242412064d4cf31240c8af5064d4cf1067a298170865679068915848889d9c8064fd61c85cd8682f97e5211036ad91bce69a84a858aa8b002da74ccfefe5d32d87dbe8fcbc3a5b5e11c883ca73f92562342449795d762d9f4d58712e7a686e6fcee398ca6528d2e2e6bc6325272f3047bc0ce214b1f593d8a8ebfe2ec3ec66c7b237ef1942cb51857a79786a0bb5bb38f15fcef27f2bae92d52a523e01c20eab7253cd64e8ed1e1e83e47e60cb3d8bbdb81c6780bfa9a8720956dc373f054d35e46c7b4c8e3b65baf8ad9e5639588ecc3223f799564f0d8f39106c474e5e5d6596f66ea53daa9eb6970d3da0a35d16b01a2bf43d1b97712c6806d346e9cff002991c1e359080d7cbf31e46594ae2b8cc2d4a0ed4aaa14a886ce8c2c41fe677191d46532bbb5bcb88d9ef7a6dc5498f8e93668df2e47b89d8778377b0db5e9d9c85c4a8b2570331f8587bcbdbbe444e2bb7b61e2367d5347109c2faab0cd1d7e246e63ea3981348ecd81c760b6cd02b60c2de2a6d9d4a67a8e6c07519cd037a772eae0ff00bb4aef87fcd9077f8877d473eb350d9f8ea941d6a52728ea7220fd2760dd0df6a78db51c470a624e59e4954f507dd692ab955301c58cb7c4ecf13ac6f47a3f5a9c55b0402d4ccbd239027f0fc27e87b6b39db2b2134ea29575362ac2c41e841906a788c29532d489b5e270808ca61f1382b6604b2a58c6092124f4ed2328a89212224a155959412b3212424648451212a24449090564848c909155064c19e624840f50624018818b8889d5cc888808888088880bcda376f7db1780b229f5987e749f35b7e13aafcb2ed357881ddf616f06cfda402d36f538affcb73a9fc2da30cb96732b89c13a0b5406dc881f5ffa4f9d9588371911983cc794e87ba3e93abe1b868e2c1af4321c473a8a3ccfb63cf3ee666f2d4ae8187c53d16b37b3cb3cbe466731787c36d2a3fd3e2943a1d1b4656d032b7badfccc653cb673e0b6827adc2bab2b0cd4723dd0e87eb3c3d454c39ec3ed21eb94ef96e462366371ff00a98527c3540f66fa2d403d93df43db49aca39e5af2eb3e97c0e2455428ea194821958710b1d467911da73cdf0f461ae23668b8ccb61c9f9ff698ff00ba7e4794a3cb72bd2095e1c3e31895160957de5e81ba8fe769bb6f0eece1b69207b84ad6f0564b10dd8fc43b6a27007a6ca4a382aea6ccac0ab291a820e60f63372dcbdf6a983614eb12f87246baaf7ff9c82c76cec8c4609cd2ae963eeb0cd5c7546e7f71ce63de9ab8cb59ddf11fd26d1a3c35386a516d0fbca791b8cd4f713976f66e7d6c0135149a985e4e07892fc9c0ff007865e522c6858dc1731acc4ba5a6ccec0cc7e270b7d04b2ad8c349093a94c89e7348908128256648aca89412b144a4a444a890484a89192122aa2544a4081311280c40c6c444eae64444044440444404444040888192d91b5ebe11c55c3bb238b5eda301c986844ec9ba7e91f0f8de1a18c02962340f7f0b1ec4e87b19c2819e8b9c962cafa8bfa374f123712f9e532185c45bf513846e67a45c4e02d4eadeb61be126ee83f031d47e13f989d9f646d5c2e3d055c2d456eaba107e165d54f699cc69e7bcdba385da6bc4e383100596aa801c5b40c3df5ec7e444e31bcbba98ad9cd6acbc5489b25541746e80fc0dd8fcaf3bd0aa50d9ae0cf677a7554a54557461621802ac0f50728dd4f1f3feecef3d6c03f8496a47da4cbff8dfed3b2eefef051c653ba10e845990ea3a8b1fb4d377c3d18581adb3b4d4d027ff00ad8fd8ce7181da188c154253891d4d99082ba7261cbce317d747deff0047f60713b3eec9997a2332399f57d47e0fcba4e7873c8ea32b1bea3979ceafba7be6b8ab0b85ac3da53907ff009f7973bcfb9f4368a9ad87b52c5f3e4b52df18ebf8b5eb79175c4b158607498bab4889b16d1c155c3546a5590a545d54fdc1d08ee258d5a418652ca30d6959ef568da785a115951291024254488959153951220ca8844a5448895904844a5e2063e222756088880888808888088880888809506d29102e118197fb2f6856c2b8ab8776471cc6847461a30ec66267bd2abd64ab2bb9ee8fa4ca38ae1a18c514eb1b00fee31ec4fb27b1facde3d45bc487890f4e5de7cb7919b7ee96fee2b00453726ae1fe127c6bfe0c751d8fd24c69de2962994dad97f3f298cde2dd4c1ed34bbaf0d503c351000ebd8fc43b192d87b7b0bb453d651717e634653d1979199008e99fe44687f6911c1778f76319b2aa06604d3bf82ba5f80f66f80f63af2266ddb9fbf01cad3c4370b8b056ebf3fd2752a869d6434eb2ab230b32b005483c883396ef8fa2f64e2afb3eecba9a04f897ff004d8ea3f09cfa1e50badcf6d6ccc2ed3a612b80af6f0555b5c13d0fe872338eef2eede2766bf0565bd327c15141e07ff85bb1facbaddededab853eaabf135306c4303c4846a181ce755c16d0c3e32870d40b5b0cc2c41f115fde43c700700cb2a893a7ef06e1d4c1544c5e0dbd6e1bd62b709cdd05f353f12dae3afde6576c6e153c7d1f5987a7fd363d7334db24aa2d7f207a38f23d451c58889738ec2bd266a751596a21e165616653d0896c4404aca408121242444ac824256444a881311232b20b08889d58222202222022220222202222022220222204d5c89709501d65a4a8369317597c063eae19c55a0ec8e3983a8e8c3461d8ceb9b9fe93d2b70d1c600950e41fdc63ffe4f69c452acf4e3064b175f54b2238e3a66e0f794a38b6a793dcafda701dd5df7c4e0484662f43e126ecbfe24ebe53b36c5de5c363d0147049d47307a11ca67c5477ab73b09b514d45b53c481955502e7a0a8bef8faf422725c4e1f686c3ac38c1504f8585cd2a83f09e46da8363da7676a4d4cf1a3643975970f5b0f8c46a18845656c8ab0ba9fd8f78d1cf70fbf987ab45896095091c74dae15eda9523356e8474965ba9e90c295a18d27801b2561ed2e79717d2e74f296fbe7e8caae1af5f05c55b0e2e4d3d6aa0ed6f6d7cbc5e7ace757970d778de9ddec36d341eb4aae2386d471483c2c3508fd476ef977e25b7761e230354d1c4a70b8cc1d55c7c4adef0faf5b4cceec6f7d6c0ff6dc7adc237b5498e83aa13ec9eda794e8d5eae1368e1ace7fa8c19d1fff001f0cddf98b5f5e9adc49b838611026c5bd1bb15702dc57f59867f62b2fb26fa2b5bd96fa1e5d06ba44a2b2a2465440909212024a4120624620d59c444e8c1111011110111101111011110111101111011110100c440f55797980da1530ee1e93956eda1ec47398e950d258baec5babe9116ada9d7f0be97e47c8cddca256b54a4de2e9d67cd21a6e3badbe9570a552a12d4c73e63cfacc5e5a95da703b5ea526e0704ae9637cbc8cc3ef5ee16136906af862b4b1473240f0543f8d073fc433eb7992d97b46863514820922e082257102a51616cbb8e7fb49a6381ed9d9188c15434712851f3b5f3561f12b68c3f86d23b236c57c1bfaca0fc2da30d55c7c2ebcc4fa031c30d8ea66862d1594f322d63d4119a9ee2d3956f67a3cad85bd5c2935b0fad867510790f687719f6e72e8cfec4dbd431c8c88aa1d87f770af628e0fb4d4af97cbed354de5dcf34c1af830cf405f8e99b9a948f316d4afd477d66a74aa32307462aea6e18120823a1e53a26ed6f92d5b53c490988b70ad5d15fa2b8e47f82da497e78b3eb9ac09d0b7b37592a135b0e02d4372c83d87ea57a1fbce7f529b292ac0861a83a8979b296612b791bca895128948905a4444e8c111101111011110111101111011110111101111011110111101241a462159cd81bc15f06e1a9b5d79a126c7cba19d9f7577ca8639381881539a9398fe759f3e833de8621e9b07462ae3423233379595f476d3c2103893353d3f59834dab5293017f0f353a7ca6bbba1e91b4a38c20720fee9ecdd26dbb6300b593d65120df3b0fd0ce76634c06dadd8c1ed1bd4a6451c49cc9cacc7f12fbde6339cd36bec7ad84729596dd1866ade4dfa1ce6eb8ba8f4dbbf7d65ee0f6ad3aaa6962155d08b662ff009de49d58b8d4f606f4352b52ae4bd2d037bcbf3e626536d6cca5885f5808cfd9a8b6b793dbef2c36d6ea017a9843c49cd0fb43fc49d7e7313b1f6c3e158a382699c9d0f2eb918cdfbc9b9f2ac31b83a945b81c58f23c88ea0cb6066e78d4a75138e9f8f0e754f7a99ea879794d5f15822a0ba1e2a7d79af661ca6b9bbea5e56d123789ac45bc444db044440444404444044440444404444044440444404444044440444404a832910a983368dd8df0af8221092f439a1d547e13fa4d5648192c595d9b13ea3685315a8302752343dc11a83354c5611e9b5c99a9ecadab570ae2a526b1e63dd61d089d33676330fb52912b65c428f129b5efd7b8ef3975ce352eb5ec3e3d932be9e7278cc3d0c50f18e17b64e35f9f590dabb3d90e7a5ff6eb31f4d88c8dede731fb1b7853c3d7c13f128e3a47da0330c3b8e464ea5bfd5a27c0d7c8fd5584ba18a602c4fcff0079654ea842d75ba36b6c8ff977fca6b6d478d4c0d3a99a914dfde53ecf9adf4f2897d5302ae0147e21f51d8c47f5fa63518889ddc48888088880888808888088880888808888088880888808888088880888809588915212e3058ba945854a6c5597423ec7a8ed110ae9f81c57f5d86159d42be77b660906d7ed35dc6e1d56f6e56fd22279efaebfe2cebadc1f9fde5bd06b65112a27885e10190f0df51acac44a3fffd9, 'Admin', '2021-03-22 03:10:35');

-- --------------------------------------------------------

--
-- Table structure for table `modality`
--

CREATE TABLE `modality` (
  `modality_id` int(11) NOT NULL,
  `name` varchar(25) NOT NULL
) ENGINE=InnoDB DEFAULT CHARSET=utf8mb4;

--
-- Dumping data for table `modality`
--

INSERT INTO `modality` (`modality_id`, `name`) VALUES
(1, 'CAT Scan'),
(2, 'X-Ray'),
(3, 'MRI');

-- --------------------------------------------------------

--
-- Table structure for table `order`
--

CREATE TABLE `order` (
  `order_id` int(11) NOT NULL,
  `patient_id` int(11) NOT NULL,
  `team_id` int(11) DEFAULT NULL,
  `status_id` int(11) NOT NULL,
  `modality_id` int(11) NOT NULL,
  `image_id` int(11) DEFAULT NULL,
  `appointment` timestamp NULL DEFAULT NULL,
  `date_added` timestamp NOT NULL DEFAULT current_timestamp(),
  `date_completed` date DEFAULT NULL,
  `visit_reason` varchar(150) NOT NULL,
  `imaging_needed` varchar(150) NOT NULL,
  `notes` text DEFAULT NULL,
  `report` text DEFAULT NULL
) ENGINE=InnoDB DEFAULT CHARSET=utf8mb4;

--
-- Dumping data for table `order`
--

INSERT INTO `order` (`order_id`, `patient_id`, `team_id`, `status_id`, `modality_id`, `image_id`, `appointment`, `date_added`, `date_completed`, `visit_reason`, `imaging_needed`, `notes`, `report`) VALUES
(1, 3, 1, 3, 2, 3, '2021-03-30 18:45:00', '2021-03-12 19:33:12', NULL, 'broken leg', 'shoot the bones', '', NULL),
(8, 1, 1, 2, 2, NULL, '2021-07-08 19:30:00', '2021-03-12 22:02:12', NULL, 'Broken Bone', 'Left Hand Thumb', '', NULL),
(9, 1, 1, 2, 1, NULL, '2021-03-09 16:00:00', '2021-03-12 22:04:56', NULL, 'Possible concution', 'Brain Scan', 'Imaging is not compleated just set to that status for testing purposes.', NULL),
(12, 1, 1, 4, 2, 1, '2021-03-03 10:30:00', '2021-03-12 22:40:25', '2021-03-12', 'Hurt pride', 'Soul Scan', '', 'Some Report'),
(13, 10, 1, 4, 1, 1, '2021-03-21 18:45:00', '2021-03-12 22:53:05', '2021-03-22', 'Gets light winded', 'Lungs', 'Will die on you be careful.', 'The lungs look healthy. '),
(14, 3, NULL, 1, 1, NULL, NULL, '2021-03-13 04:39:59', NULL, 'Ingesting animal hair', 'Lower intestines', 'I have no notes. ', NULL),
(15, 1, NULL, 1, 3, NULL, NULL, '2021-03-14 18:25:46', NULL, 'Bad Hair', 'Skull', 'asdf', NULL),
(16, 11, NULL, 1, 2, NULL, NULL, '2021-03-17 01:42:11', NULL, 'Broken middle toe', 'Right foot', 'Be careful he has a metal knee and will use it.   ', NULL);

-- --------------------------------------------------------

--
-- Table structure for table `patient`
--

CREATE TABLE `patient` (
  `patient_id` int(11) NOT NULL,
  `doctor_id` int(11) NOT NULL,
  `first_name` varchar(25) NOT NULL,
  `middle_name` varchar(25) DEFAULT NULL,
  `last_name` varchar(25) NOT NULL,
  `email` varchar(150) NOT NULL,
  `birthday` date NOT NULL,
  `phone_number` varchar(32) NOT NULL,
  `has_allergy_asthma` tinyint(1) NOT NULL,
  `has_allergy_xraydye` tinyint(1) NOT NULL,
  `has_allergy_mridye` tinyint(1) NOT NULL,
  `has_allergy_latex` tinyint(1) NOT NULL,
  `notes` text NOT NULL
) ENGINE=InnoDB DEFAULT CHARSET=utf8mb4;

--
-- Dumping data for table `patient`
--

INSERT INTO `patient` (`patient_id`, `doctor_id`, `first_name`, `middle_name`, `last_name`, `email`, `birthday`, `phone_number`, `has_allergy_asthma`, `has_allergy_xraydye`, `has_allergy_mridye`, `has_allergy_latex`, `notes`) VALUES
(1, 3, 'James', 'null', 'Nobody', 'nbody@gmail.com', '2020-10-01', '345 341 4151', 0, 0, 1, 1, 'Is a nobody. Is not loved.'),
(3, 4, 'Doug', 'Hurbert', 'Smith', 'smith@gmail.com', '2020-10-01', '345 262 2253', 1, 1, 0, 0, ''),
(5, 4, 'Frank', 'A', 'Snout', 'FSnout@gmail.com', '1998-03-11', '888 359 2423', 1, 1, 1, 1, 'Is always cranky.'),
(6, 3, 'Nathan', 's', 'Alden', 'naalde3055@ung.edu', '2000-09-27', '678 899 9417', 0, 1, 0, 0, ''),
(7, 4, 'Dave', 'V', 'Roarblen', 'DV@gmail.com', '2021-03-01', '323 414 5153', 0, 1, 0, 1, 'Might be a stoner.'),
(8, 3, 'Tom', 'S', 'Nook', 'Tnook@gmail.com', '2021-03-02', '734 226 2623', 0, 0, 1, 1, 'Money lover'),
(9, 3, 'Keven', '', 'Loss', 'Kloss@gmail.com', '2021-03-03', '123 546 6452', 1, 0, 1, 0, 'Is this loss?'),
(10, 3, 'Dan', 'G', 'Heartright', 'Dheart@gmail.com', '2021-02-02', '456 876 5433', 1, 0, 0, 0, 'Cannot breath.'),
(11, 3, 'John', 'Q', 'Athanes', 'JAthanes@gmail.com', '1969-06-09', '234 567 5434', 1, 1, 1, 1, 'Nice guy.');

-- --------------------------------------------------------

--
-- Table structure for table `role`
--

CREATE TABLE `role` (
  `role_id` int(11) NOT NULL,
  `name` varchar(25) NOT NULL
) ENGINE=InnoDB DEFAULT CHARSET=utf8mb4;

--
-- Dumping data for table `role`
--

INSERT INTO `role` (`role_id`, `name`) VALUES
(1, 'Physician'),
(2, 'Receptionist'),
(3, 'Technician'),
(4, 'Radiologist'),
(5, 'Admin');

-- --------------------------------------------------------

--
-- Table structure for table `status`
--

CREATE TABLE `status` (
  `status_id` int(11) NOT NULL,
  `name` varchar(25) NOT NULL
) ENGINE=InnoDB DEFAULT CHARSET=utf8mb4;

--
-- Dumping data for table `status`
--

INSERT INTO `status` (`status_id`, `name`) VALUES
(1, 'Referral Placed'),
(2, 'Checked In'),
(3, 'Imaging Complete'),
(4, 'Analysis Complete'),
(5, 'Archived');

-- --------------------------------------------------------

--
-- Table structure for table `team`
--

CREATE TABLE `team` (
  `team_id` int(11) NOT NULL,
  `technican_id` int(11) NOT NULL,
  `radiologist_id` int(11) NOT NULL,
  `name` varchar(25) NOT NULL
) ENGINE=InnoDB DEFAULT CHARSET=utf8mb4;

--
-- Dumping data for table `team`
--

INSERT INTO `team` (`team_id`, `technican_id`, `radiologist_id`, `name`) VALUES
(1, 1, 2, 'test team');

-- --------------------------------------------------------

--
-- Table structure for table `user`
--

CREATE TABLE `user` (
  `user_id` int(11) NOT NULL,
  `role_id` int(11) NOT NULL,
  `username` varchar(50) NOT NULL,
  `password` varchar(100) NOT NULL,
  `first_name` varchar(25) NOT NULL,
  `middle_name` varchar(25) NOT NULL,
  `last_name` varchar(25) NOT NULL,
  `email` varchar(150) NOT NULL
) ENGINE=InnoDB DEFAULT CHARSET=utf8mb4;

--
-- Dumping data for table `user`
--

INSERT INTO `user` (`user_id`, `role_id`, `username`, `password`, `first_name`, `middle_name`, `last_name`, `email`) VALUES
(1, 3, 'tech1', '2533dda9233d4762f02fe645f660b9ba17d95bfe4d3f663e299387b56a337a97', 'Jerry', 'd', 'Marsh', 'Jmarsh@gmail.com'),
(2, 4, 'radio1', 'f142459b01b907e26c54f1ebe339f46464ee3d28a313d52e1ac7a3aaf6bbeeaa', 'Dan', 'Maven', 'Smith', 'DSmith@gmail.com'),
(3, 1, 'doctor1', '5f0a9c7f624afc79798e66d7fe80c2f0b85553e2d663fbabd45d4c47645e79b0', 'Tom', '', 'Doctor', 'doctor@Gmail.com'),
(4, 1, 'doctor2', 'a8b466a5ddeeb379556f30243d3bcb7377cc621860c3eca95fb18c23de9fefd9', 'Jane', '', 'Foster', 'JFoster@gmail.com'),
(5, 5, 'Admin', 'ce5ca673d13b36118d54a7cf13aeb0ca012383bf771e713421b4d1fd841f539a', 'Main', '', 'Admin', 'Admin@gmail.com'),
(6, 2, 'recep1', '749dd722b5e3ee7addeba8f9455762a797392368625fcc6fbb44d85e49f79b2d', 'Shara', '', 'Middleton', 'SMiddleton@gmail.com');

--
-- Indexes for dumped tables
--

--
-- Indexes for table `image`
--
ALTER TABLE `image`
  ADD PRIMARY KEY (`image_id`);

--
-- Indexes for table `modality`
--
ALTER TABLE `modality`
  ADD PRIMARY KEY (`modality_id`);

--
-- Indexes for table `order`
--
ALTER TABLE `order`
  ADD PRIMARY KEY (`order_id`),
  ADD KEY `patient_id` (`patient_id`),
  ADD KEY `team_id` (`team_id`),
  ADD KEY `status_id` (`status_id`),
  ADD KEY `modality_id` (`modality_id`),
  ADD KEY `image_id` (`image_id`);

--
-- Indexes for table `patient`
--
ALTER TABLE `patient`
  ADD PRIMARY KEY (`patient_id`),
  ADD KEY `doctor_id` (`doctor_id`);

--
-- Indexes for table `role`
--
ALTER TABLE `role`
  ADD PRIMARY KEY (`role_id`);

--
-- Indexes for table `status`
--
ALTER TABLE `status`
  ADD PRIMARY KEY (`status_id`);

--
-- Indexes for table `team`
--
ALTER TABLE `team`
  ADD PRIMARY KEY (`team_id`),
  ADD KEY `radiologist_id` (`radiologist_id`),
  ADD KEY `technican_id` (`technican_id`);

--
-- Indexes for table `user`
--
ALTER TABLE `user`
  ADD PRIMARY KEY (`user_id`),
  ADD KEY `role_id` (`role_id`);

--
-- AUTO_INCREMENT for dumped tables
--

--
-- AUTO_INCREMENT for table `image`
--
ALTER TABLE `image`
  MODIFY `image_id` int(11) NOT NULL AUTO_INCREMENT, AUTO_INCREMENT=4;

--
-- AUTO_INCREMENT for table `modality`
--
ALTER TABLE `modality`
  MODIFY `modality_id` int(11) NOT NULL AUTO_INCREMENT, AUTO_INCREMENT=4;

--
-- AUTO_INCREMENT for table `order`
--
ALTER TABLE `order`
  MODIFY `order_id` int(11) NOT NULL AUTO_INCREMENT, AUTO_INCREMENT=17;

--
-- AUTO_INCREMENT for table `patient`
--
ALTER TABLE `patient`
  MODIFY `patient_id` int(11) NOT NULL AUTO_INCREMENT, AUTO_INCREMENT=12;

--
-- AUTO_INCREMENT for table `role`
--
ALTER TABLE `role`
  MODIFY `role_id` int(11) NOT NULL AUTO_INCREMENT, AUTO_INCREMENT=6;

--
-- AUTO_INCREMENT for table `status`
--
ALTER TABLE `status`
  MODIFY `status_id` int(11) NOT NULL AUTO_INCREMENT, AUTO_INCREMENT=6;

--
-- AUTO_INCREMENT for table `team`
--
ALTER TABLE `team`
  MODIFY `team_id` int(11) NOT NULL AUTO_INCREMENT, AUTO_INCREMENT=2;

--
-- AUTO_INCREMENT for table `user`
--
ALTER TABLE `user`
  MODIFY `user_id` int(11) NOT NULL AUTO_INCREMENT, AUTO_INCREMENT=7;

--
-- Constraints for dumped tables
--

--
-- Constraints for table `order`
--
ALTER TABLE `order`
  ADD CONSTRAINT `image_id` FOREIGN KEY (`image_id`) REFERENCES `image` (`image_id`),
  ADD CONSTRAINT `modality_id` FOREIGN KEY (`modality_id`) REFERENCES `modality` (`modality_id`),
  ADD CONSTRAINT `patient_id` FOREIGN KEY (`patient_id`) REFERENCES `patient` (`patient_id`),
  ADD CONSTRAINT `status_id` FOREIGN KEY (`status_id`) REFERENCES `status` (`status_id`),
  ADD CONSTRAINT `team_id` FOREIGN KEY (`team_id`) REFERENCES `team` (`team_id`);

--
-- Constraints for table `patient`
--
ALTER TABLE `patient`
  ADD CONSTRAINT `doctor_id` FOREIGN KEY (`doctor_id`) REFERENCES `user` (`user_id`);

--
-- Constraints for table `team`
--
ALTER TABLE `team`
  ADD CONSTRAINT `radiologist_id` FOREIGN KEY (`radiologist_id`) REFERENCES `user` (`user_id`),
  ADD CONSTRAINT `technician_id` FOREIGN KEY (`technican_id`) REFERENCES `user` (`user_id`);

--
-- Constraints for table `user`
--
ALTER TABLE `user`
  ADD CONSTRAINT `role_id` FOREIGN KEY (`role_id`) REFERENCES `role` (`role_id`);
COMMIT;

/*!40101 SET CHARACTER_SET_CLIENT=@OLD_CHARACTER_SET_CLIENT */;
/*!40101 SET CHARACTER_SET_RESULTS=@OLD_CHARACTER_SET_RESULTS */;
/*!40101 SET COLLATION_CONNECTION=@OLD_COLLATION_CONNECTION */;