-- phpMyAdmin SQL Dump
-- version 5.0.4
-- https://www.phpmyadmin.net/
--
-- Host: 127.0.0.1
-- Generation Time: Apr 05, 2021 at 08:07 PM
-- Server version: 10.4.17-MariaDB
-- PHP Version: 7.4.15

SET SQL_MODE = "NO_AUTO_VALUE_ON_ZERO";
START TRANSACTION;
SET time_zone = "+00:00";


/*!40101 SET @OLD_CHARACTER_SET_CLIENT=@@CHARACTER_SET_CLIENT */;
/*!40101 SET @OLD_CHARACTER_SET_RESULTS=@@CHARACTER_SET_RESULTS */;
/*!40101 SET @OLD_COLLATION_CONNECTION=@@COLLATION_CONNECTION */;
/*!40101 SET NAMES utf8mb4 */;

--
-- Database: `risdb`
--

-- --------------------------------------------------------

--
-- Table structure for table `image`
--

CREATE TABLE `image` (
  `image_id` int(11) NOT NULL,
  `label` varchar(50) NOT NULL,
  `photo` mediumblob NOT NULL,
  `user` varchar(50) NOT NULL,
  `date_added` timestamp NOT NULL DEFAULT current_timestamp()
) ENGINE=InnoDB DEFAULT CHARSET=utf8mb4;

--
-- Dumping data for table `image`
--

INSERT INTO `image` (`image_id`, `label`, `photo`, `user`, `date_added`) VALUES
(1, 'Lungs_cat', 0xffd8ffe000104a46494600010100000100010000ffdb0084000a0708151615181616161919181a1c1f1c1c1c1c1a1f1c211e1e1f1e1c1e1e1c211c1f212e251c1e2b211c232738272b2f3135353521243b403b343f2e343531010c0c0c06060610060610311d161d3131313131313131313131313131313131313131313131313131313131313131313131313131313131313131313131313131ffc000110800e200df03012200021101031101ffc4001c0000000701010000000000000000000000000103040506070208ffc4004a1000020003040605080804030705000000010200031104122131054151617181062291a1f00713324252b1c1d1165462728292a2e1142333f134b2d2244344536493c2151773c3d3ffc40014010100000000000000000000000000000000ffc40014110100000000000000000000000000000000ffda000c03010002110311003f00a0811d810041c0118020e0400810500c01c1183810020408100204081000881020a0018060e0e94ce039307008d62040082f1f38060e004141c0802307020a000814c20e0a038220a143099100ac08281000c0300c01007020a0e0040800e1be0c0a8de3c180280042966b3bbb04446763905058f601163b2741ed6e05e092d7edbf5b8dd4069c0c0566eef1df054a45d4f93c9baad12ebf71c77c349dd03b5afa2654c1b04ca7f980a40554083642295522b954115e1b62c5f45eda9ff0eedb28e8465b9b1ce17b448d28e9e6de4ce6414a2e2c0532a62699ea80ac9944624506cd67753384c98973d1bb631c2cd335e629de4e10f2cfd08b6b668883edbafb96f180ae0348ede581420d54f68dc62e967f276e475ed080ec5466ef62b0e7ff006f40cad279ca14ecbf019f083a45cad5d009c3196f2df754a1ec6047ea8ae691d0f3a47f565ba0d4cc2aa783ad560184108e9908e1b4473002b03c7be01838010204178f7c01c1520e05200841c08100420e0a0e008c1c0086246c1a16d1390bc994f314304254034634c33a9cc6390ae3011cfee8b57473a1b3275264ebd2e5e6064efc01f441da7908b07467a1ab26932d203ccf553d254d753a9dfb86fce2e08a49db5f15806960d1f2e4adc948106ba66779638b1de62412cbac903742d2d02e1af59f8434b7e94972c566cd4960fb4454f0199ec8074a8837f110530ad321e381e114ed25d3ab325425f9a7681717f3363dd119ff00b82e480642ddc0e1331036fa34ca03424b35fa95c06f387231dff02c75af688a9d8bca3480975a53d35d2e9e75bdf0891b374f2c2cc055d4b5062ad99c2980809d7b030152700365612444c71272db107a5ba7563905d144c98ea0a9bb4ba0e44162c061bab15a9de50001d4906bf69c7c04068a64a61876611c9b3a6d23c708cd17ca14d2d57908cbb03329a0df422bca26e4f4f6cb70b1139587a9755abc0d694e3480b6bd94eaa1ee3fbc20cb9a9181cd4e20ee20e710167f28163271f3a9bd92a39dd27dd1669368973903abab2b64ca41dd98f74053b4cf42e4cc05a47f25f601d46e2bea711d919f692d19324bdc9a851f1a6b561b55b223dd1b6cd9654e3978f1ca19dbac72e6a149a81d09c8ea3b548c54ef1018811044c5c3a47d0d99201992099b2862548aba0de3d65de3b22a21c7b23bc40141477453b418e48cbb7c764011815810200e04082100144757b661049b36c2f61b1bcd98b2e5ad5d8d00f792750199300760b1cc9f3165cb52eedab60c3ac4ea51b6362e8ce8a4b2491297acc7ad31ea7162350d40014108747b41a5952e2d19dbd37a50b9a643620d43e312c8a4e5e3f680006200cf844859e4d0532da76ee0213b349f58e595769d8a22a5d35e98799ac8b3b7f369477188963d95dafb7671c839e9cf4a44866916760661f49f0212bab616e3946653dcbb16762cc73626a49de4e635419028c4b54e1a8926b8b1a9e1df04a2bc0666009850f7c0bd5a0a67db58058e153c20d49174838ee3963b76c00650ad43a8d0d22674759da54a36975c6b76ce08c19cff00bca7b28a0915d74d91d7463409b4bd5aa2521eb9d6c73080eddbb0522ebd26d08d3e522cabaad2c8280e0b4a5d232c301ddbe032e6c41249bd5e35ad6a6bdfce038381d4723bf5c5874b743ed28dfcb4f389902b4bdcd49aebdf10d68b24c9445f4743880aca41c86388c4630083a8048ae59eaaf2dd9448692d16f6732c4c0293103ad0d6a1863c1abf0860f76988c6f124fb969a8d6b1db4f770a19d8896bd50c49a548175766da6e300805d54dbfb44b747b4e4cb2bde5eb21f4d0e4dbc6c61b623919406bc0dfc2eecfb55da68708e538c06eba2ad096992b325b8646c0838329d6a7611b2399d288cfc7ef190f47f4f4db23df42191b07427aae3e0db1bfb46bda234a49b5cbbf2daa3235f491bd971b361ec804c123104c54ba4fd0d49d599202a4dccae48f9f2473b723af6c5ca749a12358cc6f848e701854e94c8ec8ea55d490cad81046a8347045d3b303b0eae51a974b7a38b6942e8009e83aa7db1ec37c0eae1195b2952410430c0838508ad411a8c07107020a00e08c1c0800057002a6b80f846afd12d01fc34b2ee079e99e9fd85cc203de77f08af7403405e3fc4cc1d553496a75919bf01ab7f08d04f8f7c07494f1dd0bc94bc42e409c7998442c43f4c74b9b359fa869326755377b4dc87bc4033e9d74c44b26cd66617c0a3b8c9355c5fb7b5bd5aedcb327c35835c6a356dae18c10cfac779ae7fde0d86ba5054d3ba009f034d9b205454e7c4d3bc708364033e54c8e39c117386ba78e3002eec23dd129d1fb0a4cb44b9734f51c91415bd5a1232cb218c450158b6f933901ed6ccdfeee5b15e24a8af61ef80d22c7a391115154220c940a42b3ece6829d833d7db0efc76c0f03c73804ecc8028db02759d1d68e8ac378af830afceb04d018bf4cf430b2da2e2fa0e2f26e18d47231066b978c37f38bff951b84caafa7d60bf7452b5e66280d84016590075ee8377c28052a28dbf86c1ba081f1be3aa6ba8db87c6b0057877c3ed11a5a6d9a609b29aeb64c3d5615c5586b1eece18560c0aecda4ecdd01b5687d34b6c94268a03e8b2fb2c3307c654859b0f1b6336e8169232ad210fa136886ba9bd46edc3f146a8a8a41806604523a79a003036996bd603f9a06b5d4f4ddaf763aa2f7365153bb5764254c375284771046b1018491ac4089de97684fe1a6d147f2e612c9b80cd38827b0888130070fb43e8e6b44e4940d2f9a13ac28c59b90f84318d1fa01a1ee235a1c10ef544ae6141178f3614e5016e932951551051140551b00a5217932ef1e7e3dd09f8f9c3fb3a5178c026f2711415ccd2327e9b691f3d6b7049b92fa8298e47af871af608d9664d12d0b1c0052cdf75549f8479f2692ecced4ab3127103126f180e50ae37ef53552951bff685274821435e0c990236ec23353c7be1265c6bab1a6ce1d9041a84f8e5007853b4409520b9ba2809f68d0769cabbf08265d59406727138e14e1000cb28c43a90c2a0a9c0834a7ef13dd04b5f9bb64ba7af790f0615f7810cb4468d6b43acb560090554926ede0a5956b4c8d290dec01d66214adf0eb76831a861853e101bc83064c7185dae030c4c3369c4e78eb15ed80792e686ad23a76a086d2ca9a6a2394382c3540653e520ff00b4a02729788de59a2a574d6913dd33b40996c9841f42ea56bad463de48e50868cd1d2dcde9b384a952d43335d2c4f5a815450558eaae5be022a5a5ea28d670da49180e1f387af3d1655cf3749c5a8ce7101062140d4d5a54ec021077457265debbd6ba5e80d31009035d21b980e88a8cc6eda7bb083b8c00201c77728296e54de5cc6e047ca159d6b7720b3b120606b4c06a0060394009130a3abeb560c39107e11bfcb55640ca07a2ac0fb408ac79f891b003efe5b7846cfd04b699d6492d9b4baca61b96974fe520c04a4e9755a767ca1811e3dfee8972331c6185a13134e3dfefc6020ba49a245a6434ba75c7590fdb1ab70391e3ba31da6da039638538c6eca6329e99d8c4ab5b85000625f8dfeb569c4b0808192e54d57d2d58571cb28dbac76712e5a20c91157b00a9e66a6329e86d904cb5ca0c2a149720fd817877d236092979a9ce014912aa45789e061f8d5bfe621bd9c624d6a4611dcdc8f0a40457940b5997629c4605eecb0773300dfa6a23167350771029dbf28d3bca3bb1b300c4fa6a31d54bd5e78465ec49cfc7ed0054d50039c72f1b3641af7eadde3e7057b563c3e301d1f1c60c21272c49a67af608e41cc570cfdf8c772e6321bca4a9d44614de08c8c05bfa03a5644b59925c0f38ec1a5b115ab81455aea21b11c4c5b7a2da2e5505a1e479bb454dea83d56c89507015ae7c62a5e4ef46d9a73b34c0de7a510e8b7a8a4023ad7759069dd1a3694d249679666ccbf756809552e713ac0c6900ada5850d7c6c86f225d4e3e3088db269c1697469003ca24ab3d18146a54064603385ad3a62cd2665c993d11f5a93b76fb3ce0251648d7bbe3062550d41a0d63b63a95315d43210ca72208208e221a69d2ffc34eb82afe6deed36953480c4adf3afcd98c31bee58620e64d371ce1cb0492ee8eb7cab15c85d7a660d715a1c432e3db11b41414fed045c8e3eff00de01e5a1a48972d515c3f58cc25aa0927ab746a004356c75003c6d89ed29d1c9f219558a12cb5175a94073049a63aa19e92d0768908932625d47345eb29ad46c049c867011977557dfe2b0551b2159a85475810c6840a528369e3e3380f8d49ce99f650c07018fc22e9e4e2dccb3a64b0c4064bc31d60807bbdd14d6a8cc9a6631ae7c0c58fa01299ada97464ae4f0a5390a980d6e4e0a06ef7473373077d0f8e38738e8290687314f1dddf09da09a81bfdf852019ba5091b3bc467de532451e4b8f59194fe160c3fce6346b52e3c7e1856287e52eb72ce47b4e3f4a7cbba021bc9d0ff6b3ba5b9ff28f8c6ad6318934dc38c64fe4ede96ca7b52dc0e3837b846b963f44c07729baec3c5467db0b52b41b48a42056eb8de3bf6c3853465dc40c7891014ef29d28ad9900c4198287f0b546ec477c65ac4e55f8c6dbe506cd7ac334dd04a1561ba8c2a7b098c4c938f8ef802d58fef1ce1a876c1ba50d2841c33d94819d701b4ff68008dc2bb088efcf38a518e18815c8f0ca3908286b5aeac30de09c08c38c116dd978e5012bd1ad2cd669be7942b754ab2b1a5e071c0edc2b172d25a59f4858bf907ccb99975c33dd17514b375e9d65a104f035df9fd9acf7cd2a68012df00379380c332225e4db25aa5033a751d3004a14752ac16b8d438a97f58d7200080e6c5a4ff8496e922733cc994bce9508b4385dbe2acd9e34038c46db6d6d39de63ddbefe915014160000d41acd05691c8428c09a3502b606a08205061c68441cc977ae917003875495a71bc6bcf18098e896997b3da1154d65b90ae95c31a0be06a20e31a61e925904c796d3d15d18ab07aae23038b0a11aa31fd16c7cf4aa01783a0a0d7d61ca2d5e517413899fc4221647003dd04946029788ceeb2818ed06017d2fd1bb04e72f22d92a5b31a95beac95271a0bc0ae3ca119bd1997669d265acf91e79ca93e7d6b55ad3f968414249f68d72a5228eb2af2b11ea804f334f791166b7e957496865cc9730dea87bb7ca35c447085d6abd64bd519df8091e94d97cccd2274d4633119d5d96f134c02117494c7261bf28a53bd4d6a785e269c204f9ecf8b1bc4d4926a4926a4e3ceb04c454530047f7ef8017c9f4892759271835a6181d7854532c37e7057700470fda072a9396dac02b864c01c2b55209cb68cf86622f1e4b24d67ce7caecb001d979bdf4531425143bf583b6a708d37c9415bb68a90199900e0a0fc5a02f73d45e14f647bcd21938ab8d7857b3fbc2f3dc17201c801d86a7e509ca199df86fcbbb08042da461ce33cf29d331b3cbfbec7f4a8f7468169604e1978ef8c97ca0db2fdb1941c252aa7e2f49bbda9ca022b41dbfcc5a254d392b0bdf74f55bb898dc2cd30034ae040a76606bac479fc46a5d03d31e7a4f9a63fcc940531c593511bd723ba901779a326d99f8f1ae03beb1e298c27679b5c0e74d7ac424ec52a3f7c38c04869494b32cf3549eabcb61daa63cf8eb977fb8c6e531cdd009eaf1c8c639a66c865cf988464c698ea635077e1011d7b66237f761ab941335759ca9d9972101878a411c08d7e32ac039976498c0dd4620624dd341b2ad90ed8ed2d5fcb328aa917efd7235bb77d2f640d594377b53b00acec57529634e4b9087da24204b43ccf5655130c4bb90a0f002b5804c4e65427052e702a284505388c0d7f2c3579acc14331210516beaad49a0dd5270e31da2bcc744ad4b1545ae00548031d82bdd0adbeca126ba21be88c5038c9a8295078d6038b35c045fadd268698d06dde6b4ef86ecb854c39b2591e63a4b4179dd80551aebbc9a018135d548d13a31d06f3644d9c559c7a2b9a29dbf69abc877c047741ba2ad7d2d13c5d0bd64439d753b0d5b40e71a4213b7c5208cb231205768cb54051e3c7080a57943d0e82435a51555d4aacca0a5f566515246b047be29af6e90da3d2481fce49c5ea47aa6f1ad75e040a6e8b9f945d388927f864605e6302f4a1ba83100ec24d395633061fb4019a6ca63ca3b9922eddaeb01857d93ac6ead7b212ad61647268a6a556b41ac0389c76571ed804db2ef80895a0cab86cce1c4eb2b25cad08750ea41a820fc41041d8612ccd69be901caa626a68473cb54685e4eece44a7738077ba382ae3de7ba29164b2bcd7544179d881af1de786d8d96c5a216cd21141c10529bce24d75926008e600df0f27ccbaa00cf57cf8c37b2a7ae70c30f9c7131ea7ddf08061a5f49259a4bcd6f57041ed39add5f89dc0c62936633b33135662493b49353171f28fa4afcd5900d5650ab6f77c4d780a0ed8a6c0087da1b493d9e724d5f54e23da538153b4110c608406ef227abaa3a1aab00c8771f8eae50f5faeb5198cfba33bf277a6aa0d95db1c5e513dac9ff0090e717b973286beed701d26b1ca9146f283a3bd09e065d47a7e83c357645fa6cba8bebe3b75c2f6db04ab4c92ae281c5d6230a1f98388301834b964b01780a664e435d4915a422176e1be98766b896d3da1e659a6b4b7aed534c186a20f8a4302168299e35c70dd4ef80430836186075f3e24733000dd1c98003df0aa2adea5ea2fb54240a8d99e7847094a8ae02a2a76639efa41ba8bd453500d2f1c2bbe9aa02ebe4cec57ed2ccc3fa687b5cd33d78061ccc6aec4eacbc6a8a0792b90424d7daf706f0aa4e1baac6340032ae1c20081233a6a1ca9fde2b7d2a98f2644d74cd14953b2a30ec3ee8b2919d35f8a430d31295d2eb8aa302ac38880c117ae1c924be071a92da8f3c44240ede70fb4be8c7b34d329ab9d50fb601c1b8ed1a8c3245da2be36ea8052648ba8af5c19980197a2054f6984878f8c3969d5454a0051c95d783017876a8ed8451c837867c0538538402d31d8a229c96f018ea26b96accc26a2b58e8101483b88386fa8cf0af6c5bba25d12335d664f176592084c8bebe4bde7be0277c9ce812aa6d2eb46717650d6175b73d5b845c2d86f32a634189e34cb8fce1d4d60a02ad01a5146a1aabc0445ce9b4aaa9fbc76939c0713e657aa321e39c31b7db9244b79cfe8cb15a7b4d922f1261caad701cfc6c8cc3a73d21168712a53564cb2711ebbeb7fba321cceb80acda6d0ceeeee6acec598ef26a612100c030075810fded218d262063ad8751f99028dcc738e4d911bd0704fb2f446edadd3da201a4a98c8caca4ab29bca41c41142088d73a2fd214b5a50f567a0eba7b43db5da0eb1a8c64b3e43a1a3a953bc11ef8166b4bcb7574728ea6a181a106037792f74e1cc670fecb380a918a9f49766fa78ac51fa33d309769a24d225cedb5a239c71049ea36eec8b4f581d84728079a6b434ab54bf36e2a334619a9da0fc3588c934f746e75958ab80c87113156a29b4eb53dd1add96d87e6351f918753fcdcc52ac391a7c702203cfcea060a4e34aefd94a42377c631aae96e83d998d52a876a3023f21cb94442793e1507cfb537201ef34ed80a1ddf99dd123a1741cdb4b85406ed45f723aabcf5b6e117fb0742acc9894698d5a8bed5187d95a03ce27bf862a0280aaa300aa301c8400d0d644b3cb54963aa9863eb1399275924989836a15c063bfc630c52762ab745d5c48dbbc987c6e1c29749e5de2008da8815a03fde0926dfc1948072246be31d4ab32a9ab316a0d79531d5095aa6971747554eb3ae9fbc043e95d0a9350a4d40e95a823353b4118a98a1e94e84cc427ccb098b9dd637587c1bba34b49ee30ae5854e275eb87067d7300f15c603127d07695c0d9debb96a3b443bb1f45ed2f814b836b9bbc45338d75a521cd072c238f36a354055742f44e5c921d8198e35b0a203b429cf898b7ca0ab4228ce71c325de7c76422cea0549c3c614d708bce27018080526da0e34a927d26f80d9b2104424d3b776dc755212b44e49685e630445cd9b01c07b47708cdba53d317b4032a4832e41f489c1e67def657ecf6ec8079d34e97070d66b33753299307aff00613626d3af8674687367b23b8aaa9ba3363d551c58e1df0b895293d26331b62d5579b9c4f2038c0305524d00a9d9430ec68c99995ba3ed109dcd8c2c2d5308210045d6105c1cdeb78f3261dd83a3b6a9c2fa49374face4203f8988ac048ff15629e28e8d677da80cc97f909be83ee9846d7d159976fca2b393db944b8fc4a3ae9cd4f18889f2191991d4a321a3291420c1d9ad2f2d83cb7646191562bee30094ab53a0bb5aad71460197f29ca3a264bfa4a659da9d65fca7ac3913c226dba42b370b5c849df6d7f97306fbeb837020c72da12cd3b1b35a42b1ca5da288dc038ea3774041be8f6a12949836a1a91c569797988b2746fa68f2692ed17a64ac8366e9c09f4946c3ca21b48687b4d9cde992dd00c438c5793a9bbdf080b696a075599bc8a37e75a13ceb01b359e7a4c40f2dc3a364c31fdc1dc61d4b9f4f4bf7fde31ed0da58d9def4998d2ebe923adf46dc4ae3ceed77c5ff0045f4a654d0038b8faca113138d075d79ac059931d6187611f38ea58d4450f0ae10ce5b239ea3a36e5615fcb5ac2b71c6a2298e3aa01d5295f7426aa71a934e3e308e52d4460df2ee8504f539f7e301caba82478fde3b188fed9472421d5e386463a0c835f28059661650a751153ee1dbee8489d9dfee849ddb214bb81a61aa14563ec03bfc6501cbccc69b31c76c752deb5343e39c19761ea18e5ddf3202ed2683df9402d43e308673a60aede587be1acfd23247a535588d49572392034884d23d30b34ba84a3b0f6d801f952f3f68101610acc769ee1df4115ed35d2db3c82513fda276a44c541fb4c3d2e0229da67a5932782acee53d85fe52730a4bbf361102f6c7a5d04229f550050789cdb9930123a62d93ed0f7ed3342d3d1402f5dfbb2d7053bd8830c44d44f412f1f69fadd8805073ac3fb1f462d2ea19944a97edce6f36bcaf62dc81874967b048c59ded4e352565cb07effa6dca9011b2ecb3e7b85a3bb6a500923820c872022617a372e4e36a9c92cfb1e9cce1710dd5fc44f086d6ae92cf65292eec8967d4942e57ef37a4c789886c7338c0585f4eca95859a428232993a8efc553d04e40c2d67d26c259b65acb4feb5c932d98d19bd76a6415570c066444368ad1af3dcaa90a8bd6776c111066cc7dc35c23d20d24b3a62acb044994be6e503ec8c4b11ed3b558f2d900e6cfd23beaa96a942d0aa2eabd4a4e41b04cc6f81b1c1e30ba68cb34eff000d6901cffbab4525bf05715473cc4568c08096d21a3a7483766cb643aaa280f06c987086a7c7830e3477482d3256e23de4d72dc0743f81ab4e5487eba46c537fab21ecee737906f2576994e6a07dd6806f61d31689228935954e6a4de43c51aaa7b21c3692b3bff5acb2ebedc86325b8dd15427f0c769d1f1331b35a254fd897bcdbf347a1ec2623adba3e749349b2dd0fda52077e0601e1d1f637fe9da5e59f667cba8fcf2ebdeb04fd16b43632c4b9e33aca988e7f2921c764464737358c08d98403d716cb3e0c27cba6a60e07ea1487166e96dad0504e24760fd14c613b2e9bb54bc12d1300f66f9a761c21c9e934e6fea24999f7e4a31edbb5ef807b23a7d6b518dc6ed3dec5ab0ed3ca24ef5a4a1e63fd18c437fead21bd3b0d9ff05f4ee57a40fe32c473b1b0fb96871fe60d013c3ca2bffc85ee3f28e1bca1ccd497782a7c6b109e7ac07fe1e78e13c7c65c0bf60ff9368ffbcbff00e70128fd3fb41d73391963ff00acc20fd39b49f59f9cc1ff00822c33fe22c1f569c78cff0094b103f8fb18f46c20fdf9d31bdc54401cee975a8faf4fc730ff00e74ee861374dda1ce2f53b956bc8d2b0ff00ff005d45f42c7645de65973fad8c06e95dab247596364b444ef550601a2688b6cfc7cd4f71b5c3ddfccd4502173d1b64feb4fb3c9da0ccbeff00925863de2195aadf3a6ff526bbfde766f7986ca8065012e255813369f6823605928799bce7ba3a5d3c53fc3c89527ed05beff9def11ca910f5891b0e81b4cd17924bddf6985c51f89e8bdf00ced76b798c59dd9db6b3127b4c25130da3acd2bfc45ad188ce5d9c79d6e05f0553ccc707a432a57f85b3221ff993bf9d338853d443c0180e2c1a0ad1316f84092c67326309683f1b67cab0abb58647a4cf6b71eaa565ca077b9ebb0fba0442e90d23367b5e9d31ddb5166ad380c979010d6025349e9c9b3944ba24b920d44a96b752bed36b76dec4f288c811c318034683a7f689afa19a43eab33f4ffaa0d7a1d6ff00aaccfd3f380848389cfa1d6ffaaccfd3f381f436dff5599fa7e70104444a587a456b922ea4f7bbecb1be9c2ebd4439fa1d6ffaaccfd3f381f43adff5599fa7e700a0e924b7febd8a43fda965a437e9254f6476b3346bfad69907ed2a4d51cd4ab539421f43adff005599fa7e703e875bfeab33f4ff00aa01cae8792ffd2b7d99b7397927b1d69df1dfd13b51f411260db2e623fb9abdd0cfe86dbfeab33f4ffaa395e865bc1ff0b338f57e700a4ee8f5ad7d2b34e1f818f7810cdec9317d2973071461ef112927406964f452d4bf76611ee787b2ecba7572fe2b9ccafbd8c056994ec3d8608245ac2e9fff00a8e610fbe0e9a7f64ffcb2fe5015408c725278030ba68e9cde8ca98784b63f08b115d3ff00f53cae0f742132c1a6dbd2fe2ffee11ee7806727a316c6cacd37f1215ef6a4287a31397fa8f2257ff24f453d809308cee8c6947f4e4cf7fbcf7bded080e865bfeab33b17e700e8e8eb227f52de84ec932de67eaa2ac70d6ed1c9e8c9b44f3b5dd652f62066ef847e86dbfeab33f4fce07d0eb7fd5667e9f9c029f4add7fc3c8b3d9f615961dc7e37bc7ba222dfa4a7ce359d35e66e7624725c876449fd0eb7fd5667e9f9c0fa1d6ffaaccfd3f380828389cfa1d6ff00aaccfd3f381f43adff005599fa7e7010502277e875bfeab33f4fce08f43f487d5667e9ff0054040b18e627be86690faaccfd3fea81f433487d5667e9ff005407a1e040810020408100204081002040810020408100204081002040810020408100204081002040810020408100204081002040810020408101ffd9, 'Admin', '2021-03-22 02:52:40'),
(3, 'Leg_X-ray', 0xffd8ffe000104a46494600010100000100010000ffdb0084000a0708121115181212161818111818181919181a1a151818191a18191a1a181819181c212e251c212b2118182638272b2f313535351a243b403b333f2e343531010c0c0c100f101812121a342121213434343431343434343434343434343434343434343431343431343134373434343434343434343434343434313431343434ffc000110800b5011603012200021101031101ffc4001c0001000105010100000000000000000000000201040506070308ffc40042100002010203060208050301050900000001020003110421310506124151612271071332425281a1b16291c1d1f01423723392b2d2e1f1162443537382a2b3c2ffc4001801010101010100000000000000000000000001020304ffc4001c1101010101010101010100000000000000000111023121611241ffda000c03010002110311003f00b9ddcdd3d9e70d42a54c3abd47a54d98b711bb32024904db533203753022ff00f76a5fec29b795c4bed88a7d4511d29201f24597d2f5e91afd4ddbc22fb34298eeb4d01f9d84b77ddfa056e516dcac17f499dc656b5b23afe93db074831b9161afce65a6adff0062e99404a82492795fe92d29eeaa530eacac69ba1565e605eea40391208079693a15989c84f1c5616f6b6bd3f5bc986b876f26e83e155aaa10d48731cbcc7f359aa7099daf7c505729b3b0f9b1e16aa45c850330a7be87cbce468fa3ea74d07ac01bafcad1298e2913a2edbdc51e27a20af082c467c361ed1cc9b659eb69a950d815dd0d41c2a96cb8aea5bfc411761df4ef2ea630f3b9fa1adeef5b44e02b37f7a90bd226fe2a7a709ff1247fed23e19c3ea532a6c65d6c8da3530b5931148daa5360c3a1e454f620907b132a3b80dad5367d5a8ac988c48a5eace3eb557665e0ac582d4c361d5d805bf1122c2ca96b6771cef7a775a8e176a7f48388e1eaf8d151e9a3a870dc281aa10a087161739adb999b0d3f4b3490d4aeb866feaea2d3573c764229f17078ae74e26d145fa89ceb68edec4e2310d8c7a8c310c6fc684a15cb86ca41b80065e5025bcd83a787c4d4a547fd35e102edc6c3c0a583919710248603206e06931179ef89c43d562f51d9dcdaecc4b31b0005d8e66c001f29e102a0c5e522f0aade54191959048192533ce2f0af6bca879e5795064c35ec1e483cf0064818c35ee1e483cb70d241a670d5d2bcf4579681e4c3c98d6afd2ada5454964af26af262eaf55e7bd3a931caf3d91e1759415225987881dc7034f81117a228fc944b961315b03141e8a8e2e228145fa8b7849fa8f94c896e5fcf94ef7eb8bc5f0fc5a5f4faf790472a01e9a8fb997ada70a9cf9f695a0a1c15a9af23fbcce2bcd31f4e9a7131006a4e969a96dbdf56acdfd2e0071b9c9aae5c2b7f82f91f3d3ce59fa42c1d6a8e946903c19f10cc037d09ec2df591ddcd8f430609a8454c4121b841f025b9db9b1bccae361dd6d854f0838ea3f1d66cea35ef99ccd89cceba9d667aa6296a9b2e834d73eff79816abeb9828b676d2f63d8f94bd7bd3b534d01bb36b73d8fd2151c4609aa87a6bef8646d3256465b0f9b0d66a38ed988e81d010a141016fa28b7065d6df233a0612a8565272208cfe7cff0079a663f14985c654a157c1e2e24b801191cdd181395fddcedecda06a1b7f76dde81c4d352782c5d2de255eb61d2f9fcbacd1da81e53bb60f1c55cb5355297b387ba87d411623a5c7ce68bbd9ba86996c56154b6118dca8cda81e68e3e10746e9adad2ca9639e95225264ce1b8a78d5c11e52ea62ca249948d646542222022220222040aca810049091a540920250494caa9c326048893102a164d5644490904809e8aa2798935907aaa89ea93c94c9a991a5da989e6a62456ddb95bc749aa7ab1e06642bc2c7560411c279e8dde6ec98b297d49e5d05bef3e7952466394dc362efad4a6053c478d065c76bb81df3f179eb3b5727504db001b1e7cff7997c3e283af2ed6fd2733a5b6f0f50dd2aa827dd3617bf406c7e5360c06d0555bab8b0d412005fccc9aad8b7807f64b6458b205ff6c7e826bb88d86c1bd67bba9bdfcf95af9ccad2c60c5bab5ed41330740ed95c8ec34f999eb8cdab4f88a64001cf2f33dfe579158ac2e3451a9655b136cd8dc9f3bdbb4d86931a8389b26d4f7f2335d714ab126ff3bf95b3e979e983c63537e06c80cb8bec0f6ee241b221272e7fbcc7ef86ed9da3455932c6510783971a1ccd327bea0f23e732149c1b31395bcc1fda7ad2c4f010ca6e3f33e47acb0716c36d7c561d88e373c24864a973623220839a916d26f5badb7a962080ae12bdac518801c7c39fb5325bedba29b414e270a02e3547897202ba81f9061c8f3d0f2238dd50c8c558323a9b10410cac35046a0884d74bde1dc74ac5aa61004ae336a27256ee9f09eda1ed341a94f849a7514aba92194820823a89b36ecefdbd2e1a58c2cf4864b5467529f9fc6bdb59b96ddd8187da74d6a2327ac61e0ae99abfe17fd8e6215c6b158656e9315570ecb367da9b36be0dcd3c42106f937baddd4fe92d1e9871a097531ae18993c4e04f498f64225d4c4222254248488938580921292a246928112b32901242464845548490911242412064d4cf31240c8af5064d4cf1067a298170865679068915848889d9c8064fd61c85cd8682f97e5211036ad91bce69a84a858aa8b002da74ccfefe5d32d87dbe8fcbc3a5b5e11c883ca73f92562342449795d762d9f4d58712e7a686e6fcee398ca6528d2e2e6bc6325272f3047bc0ce214b1f593d8a8ebfe2ec3ec66c7b237ef1942cb51857a79786a0bb5bb38f15fcef27f2bae92d52a523e01c20eab7253cd64e8ed1e1e83e47e60cb3d8bbdb81c6780bfa9a8720956dc373f054d35e46c7b4c8e3b65baf8ad9e5639588ecc3223f799564f0d8f39106c474e5e5d6596f66ea53daa9eb6970d3da0a35d16b01a2bf43d1b97712c6806d346e9cff002991c1e359080d7cbf31e46594ae2b8cc2d4a0ed4aaa14a886ce8c2c41fe677191d46532bbb5bcb88d9ef7a6dc5498f8e93668df2e47b89d8778377b0db5e9d9c85c4a8b2570331f8587bcbdbbe444e2bb7b61e2367d5347109c2faab0cd1d7e246e63ea3981348ecd81c760b6cd02b60c2de2a6d9d4a67a8e6c07519cd037a772eae0ff00bb4aef87fcd9077f8877d473eb350d9f8ea941d6a52728ea7220fd2760dd0df6a78db51c470a624e59e4954f507dd692ab955301c58cb7c4ecf13ac6f47a3f5a9c55b0402d4ccbd239027f0fc27e87b6b39db2b2134ea29575362ac2c41e841906a788c29532d489b5e270808ca61f1382b6604b2a58c6092124f4ed2328a89212224a155959412b3212424648451212a24449090564848c909155064c19e624840f50624018818b8889d5cc888808888088880bcda376f7db1780b229f5987e749f35b7e13aafcb2ed357881ddf616f06cfda402d36f538affcb73a9fc2da30cb96732b89c13a0b5406dc881f5ffa4f9d9588371911983cc794e87ba3e93abe1b868e2c1af4321c473a8a3ccfb63cf3ee666f2d4ae8187c53d16b37b3cb3cbe466731787c36d2a3fd3e2943a1d1b4656d032b7badfccc653cb673e0b6827adc2bab2b0cd4723dd0e87eb3c3d454c39ec3ed21eb94ef96e462366371ff00a98527c3540f66fa2d403d93df43db49aca39e5af2eb3e97c0e2455428ea194821958710b1d467911da73cdf0f461ae23668b8ccb61c9f9ff698ff00ba7e4794a3cb72bd2095e1c3e31895160957de5e81ba8fe769bb6f0eece1b69207b84ad6f0564b10dd8fc43b6a27007a6ca4a382aea6ccac0ab291a820e60f63372dcbdf6a983614eb12f87246baaf7ff9c82c76cec8c4609cd2ae963eeb0cd5c7546e7f71ce63de9ab8cb59ddf11fd26d1a3c35386a516d0fbca791b8cd4f713976f66e7d6c0135149a985e4e07892fc9c0ff007865e522c6858dc1731acc4ba5a6ccec0cc7e270b7d04b2ad8c349093a94c89e7348908128256648aca89412b144a4a444a890484a89192122aa2544a4081311280c40c6c444eae64444044440444404444040888192d91b5ebe11c55c3bb238b5eda301c986844ec9ba7e91f0f8de1a18c02962340f7f0b1ec4e87b19c2819e8b9c962cafa8bfa374f123712f9e532185c45bf513846e67a45c4e02d4eadeb61be126ee83f031d47e13f989d9f646d5c2e3d055c2d456eaba107e165d54f699cc69e7bcdba385da6bc4e383100596aa801c5b40c3df5ec7e444e31bcbba98ad9cd6acbc5489b25541746e80fc0dd8fcaf3bd0aa50d9ae0cf677a7554a54557461621802ac0f50728dd4f1f3feecef3d6c03f8496a47da4cbff8dfed3b2eefef051c653ba10e845990ea3a8b1fb4d377c3d18581adb3b4d4d027ff00ad8fd8ce7181da188c154253891d4d99082ba7261cbce317d747deff0047f60713b3eec9997a2332399f57d47e0fcba4e7873c8ea32b1bea3979ceafba7be6b8ab0b85ac3da53907ff009f7973bcfb9f4368a9ad87b52c5f3e4b52df18ebf8b5eb79175c4b158607498bab4889b16d1c155c3546a5590a545d54fdc1d08ee258d5a418652ca30d6959ef568da785a115951291024254488959153951220ca8844a5448895904844a5e2063e222756088880888808888088880888809506d29102e118197fb2f6856c2b8ab8776471cc6847461a30ec66267bd2abd64ab2bb9ee8fa4ca38ae1a18c514eb1b00fee31ec4fb27b1facde3d45bc487890f4e5de7cb7919b7ee96fee2b00453726ae1fe127c6bfe0c751d8fd24c69de2962994dad97f3f298cde2dd4c1ed34bbaf0d503c351000ebd8fc43b192d87b7b0bb453d651717e634653d1979199008e99fe44687f6911c1778f76319b2aa06604d3bf82ba5f80f66f80f63af2266ddb9fbf01cad3c4370b8b056ebf3fd2752a869d6434eb2ab230b32b005483c883396ef8fa2f64e2afb3eecba9a04f897ff004d8ea3f09cfa1e50badcf6d6ccc2ed3a612b80af6f0555b5c13d0fe872338eef2eede2766bf0565bd327c15141e07ff85bb1facbaddededab853eaabf135306c4303c4846a181ce755c16d0c3e32870d40b5b0cc2c41f115fde43c700700cb2a893a7ef06e1d4c1544c5e0dbd6e1bd62b709cdd05f353f12dae3afde6576c6e153c7d1f5987a7fd363d7334db24aa2d7f207a38f23d451c58889738ec2bd266a751596a21e165616653d0896c4404aca408121242444ac824256444a881311232b20b08889d58222202222022220222202222022220222204d5c89709501d65a4a8369317597c063eae19c55a0ec8e3983a8e8c3461d8ceb9b9fe93d2b70d1c600950e41fdc63ffe4f69c452acf4e3064b175f54b2238e3a66e0f794a38b6a793dcafda701dd5df7c4e0484662f43e126ecbfe24ebe53b36c5de5c363d0147049d47307a11ca67c5477ab73b09b514d45b53c481955502e7a0a8bef8faf422725c4e1f686c3ac38c1504f8585cd2a83f09e46da8363da7676a4d4cf1a3643975970f5b0f8c46a18845656c8ab0ba9fd8f78d1cf70fbf987ab45896095091c74dae15eda9523356e8474965ba9e90c295a18d27801b2561ed2e79717d2e74f296fbe7e8caae1af5f05c55b0e2e4d3d6aa0ed6f6d7cbc5e7ace757970d778de9ddec36d341eb4aae2386d471483c2c3508fd476ef977e25b7761e230354d1c4a70b8cc1d55c7c4adef0faf5b4cceec6f7d6c0ff6dc7adc237b5498e83aa13ec9eda794e8d5eae1368e1ace7fa8c19d1fff001f0cddf98b5f5e9adc49b838611026c5bd1bb15702dc57f59867f62b2fb26fa2b5bd96fa1e5d06ba44a2b2a2465440909212024a4120624620d59c444e8c1111011110111101111011110111101111011110100c440f55797980da1530ee1e93956eda1ec47398e950d258baec5babe9116ada9d7f0be97e47c8cddca256b54a4de2e9d67cd21a6e3badbe9570a552a12d4c73e63cfacc5e5a95da703b5ea526e0704ae9637cbc8cc3ef5ee16136906af862b4b1473240f0543f8d073fc433eb7992d97b46863514820922e082257102a51616cbb8e7fb49a6381ed9d9188c15434712851f3b5f3561f12b68c3f86d23b236c57c1bfaca0fc2da30d55c7c2ebcc4fa031c30d8ea66862d1594f322d63d4119a9ee2d3956f67a3cad85bd5c2935b0fad867510790f687719f6e72e8cfec4dbd431c8c88aa1d87f770af628e0fb4d4af97cbed354de5dcf34c1af830cf405f8e99b9a948f316d4afd477d66a74aa32307462aea6e18120823a1e53a26ed6f92d5b53c490988b70ad5d15fa2b8e47f82da497e78b3eb9ac09d0b7b37592a135b0e02d4372c83d87ea57a1fbce7f529b292ac0861a83a8979b296612b791bca895128948905a4444e8c111101111011110111101111011110111101111011110111101241a462159cd81bc15f06e1a9b5d79a126c7cba19d9f7577ca8639381881539a9398fe759f3e833de8621e9b07462ae3423233379595f476d3c2103893353d3f59834dab5293017f0f353a7ca6bbba1e91b4a38c20720fee9ecdd26dbb6300b593d65120df3b0fd0ce76634c06dadd8c1ed1bd4a6451c49cc9cacc7f12fbde6339cd36bec7ad84729596dd1866ade4dfa1ce6eb8ba8f4dbbf7d65ee0f6ad3aaa6962155d08b662ff009de49d58b8d4f606f4352b52ae4bd2d037bcbf3e626536d6cca5885f5808cfd9a8b6b793dbef2c36d6ea017a9843c49cd0fb43fc49d7e7313b1f6c3e158a382699c9d0f2eb918cdfbc9b9f2ac31b83a945b81c58f23c88ea0cb6066e78d4a75138e9f8f0e754f7a99ea879794d5f15822a0ba1e2a7d79af661ca6b9bbea5e56d123789ac45bc444db044440444404444044440444404444044440444404444044440444404a832910a983368dd8df0af8221092f439a1d547e13fa4d5648192c595d9b13ea3685315a8302752343dc11a83354c5611e9b5c99a9ecadab570ae2a526b1e63dd61d089d33676330fb52912b65c428f129b5efd7b8ef3975ce352eb5ec3e3d932be9e7278cc3d0c50f18e17b64e35f9f590dabb3d90e7a5ff6eb31f4d88c8dede731fb1b7853c3d7c13f128e3a47da0330c3b8e464ea5bfd5a27c0d7c8fd5584ba18a602c4fcff0079654ea842d75ba36b6c8ff977fca6b6d478d4c0d3a99a914dfde53ecf9adf4f2897d5302ae0147e21f51d8c47f5fa63518889ddc48888088880888808888088880888808888088880888808888088880888809588915212e3058ba945854a6c5597423ec7a8ed110ae9f81c57f5d86159d42be77b660906d7ed35dc6e1d56f6e56fd22279efaebfe2cebadc1f9fde5bd06b65112a27885e10190f0df51acac44a3fffd9, 'Admin', '2021-03-22 03:10:35'),
(4, 'Left-Hand-Xray', 0xffd8ffe000104a46494600010100000100010000ffdb0084000906071312121512131316161517181a17161716151718151916151717171a181717181d2820181d251b171822312125292b2e2e2e171f3338332d37282d2e2b010a0a0a0505050e05050e2b1913192b2b2b2b2b2b2b2b2b2b2b2b2b2b2b2b2b2b2b2b2b2b2b2b2b2b2b2b2b2b2b2b2b2b2b2b2b2b2b2b2b2b2b2b2b2b2b2b2b2bffc000110800ee00d403012200021101031101ffc4001b00010002030101000000000000000000000005060304070201ffc4003b1000010301050506050304010501000000010002110304051221310641516171228191a1b1c1133252d1f06272e1234282f19214243343a207ffc40014010100000000000000000000000000000000ffc40014110100000000000000000000000000000000ffda000c03010002110311003f00e2ce72c64a38af04a012be4af88808888088880888808b2d9e8e230b78dd823528231165af44b4c2c4808888088880888808888088880be85f1107a7945f1c883d38af0be95f10111101117d689400274421592ecb002dc961bc2c5b8841008beb84185f104add34e7356ead646e1881909558b91bd957234c6183c23ca10522f4a1912a21592f6a791075d156d011110117a63254dd96ea964f141048b3daa9612b020222202222022220fa517c4404444044440596cbf3058965b2fcedea82eb72b7270e408f103dd78bd59e93edecb3dcccc898dd03c41f659ef1b312c98d27c3784141b6b61e5605b9798edf72d34161d9ba801692260abc8a4d8987797dd50b679f84b49d0381f35d18d9b3077420a4ed13a5ceca232855256bda3ab89eef0f055440444412376d19cf8ab63a9e167ed6f9a8dd9ba009cf502464481d63453b5acd919736083fdc38754148bcdaa3949dec7d546202222022220222202222022295b0ddb884904ef81c10452291b5ddf19b547202f4c74105794417dd98a84c89c86710353d4297b7d3c4c7629c865d7b956765ab10fa7cf23d0ab75ed4e6954039ff0028398dec3b4b4549deedd0a8c413773b6401c4aea22a6ee192e6fb354e5f4c731e59abe97ebd7ee82957ed3c351e0fd47cf355476aaf1b574fb61c3fb9be632f48548a9a9ea83caf4c1985e567b2365c82ebb2ac963a3591e997bf8addbe5f82910e399c84af9b3d430d204ff719ee1905a9b546707ed3eb0829b7854972d4596d3f3158901111011110111101111015bf668c800ef11dfa8fb2a82b26cf55ec8e20fa1412779d000f51eeaa578d1c2fe4735d0ed366c60b79e4787254bbf28c67c0ff00082191110597671fdaa5fb9bea15eaa3f59e27bc68a81b399b99fb81f02af79bb3010516feb3612f6f03e5a8f255e579da7b29f9c8827223a0d5521ed82420b5eca96870c539880471cbfd77abe53a2c89c47bdb9f8891e6a87b311f12983a482ba01b26996b2478494154da4c301a2675ce34ee27f02a0da0768f55d0f6c1a0618c8e183e2b9edabe73d506252d70597e23c3789f219a89564d95b2e27b4779e8105d03081f29102008d0681426d30c987848f423dd58d951cdec8d384023ba66155b69eb3892d76e822001a80738ea829968f98f558d7aa8733d5794044440444404444045f49fcfcd5107c52b705a70be39823b9452f746a61703c0a0eb14aa626098cc02601de38caa86d25000b9a029cd9bb5e26161ce0626f4912161da1b14ff00507477b141cf516c5ba8e171e6b5d04bdc95208235072f15d2ac368a981a64660198035038442e5d753f50ba7dc7571d99a77b7b27bbf884113b4d67ec87f715cf2d6c8715d376b4cb5878ccae7579b20828256e639b7b975439e12380f55c92e8a9a7285d6a9bb21c80f4414fdb1ffcc7a01eaa836f10f2ba0ed90fea83c5b3eaa8178fcfdc8359a24ab8ec833facc1c667a42a8d9c7682bdec5529a85df4b7cca0b8b5a25d3bbd173fda2b40a951cedda0e8047b2be577c31eefd25738b79c89415b76abe2144044440444404444044440444416dd93b541677b0f7e5f6570ff00a72e91196f9d1736b8ed185d13cc755d36edb43ead2699e331941ff4828bb477786b9cd1a0d3edecab25747da8b38110a816ea585c83eddce872e93b1f52693c7020f90fb2e616774382bfec55a33a8de2d07c0ff2826369694d19fa4faffb5ce2f66faae9f78b71d2a8d1a96923b84ae697932420c5753975615777203c82e7561b286b5a37ea7a95d0dc33282bdb5f99a678b48f02a876f69c52ba2ed3539a6c3c1ce6f8c11e85536d9679cb8a088b334cae83b2a30512efa9de4d1f725546cd658ca15decb47e1b58cfa441fdc733e64a0ddbcabc59ea1fd207fc8c2e7f7954ec956fbe2a7fdbbfab7c01545bcaa65082351110111101111011110111101111064a0f8703cd747d92b6c3be19d1e3ff00a1a2e68acf725a8e16b86a3d420bbdf165c74c8fee6e8b9edeb67d5748a95838070d1c03bc7f9555da1b1e78dba1d791fe5051dbaaba6c7022a6794b1de93ecabd66b24d513a0ccab6dc2cfeacee877a4209fc475e1e6a957958e2a39bb81cba1cc792b9195157bd9240a837435dec7dbc10475d766c551ade627a0ccf92b73cc9278fb950570616d405f937313c24644f7c2b652ab440c9ae7f30708ee9d5044db6cff129b9bbf270ea3ee2554aa52e4aff0052d54584ba48c8f608ed13ba0e842a6d6a5bd07bb86efc4f2e8cda2408df3929e7ddf500c45a7c147dc74df8c0638b72ed11c075536e05b9b499e32650425e167268bc6ec24f867ecb9dde1aabfdf778b88730b4367224687a0dd2a83797cc8349111017ba74cb8c012529532e30159eebb0868f541a163b8e7379ee1f7524cba583fb54f58ec0e7682071390fe54ad3b234741993a0006f4142b7dd2c232c8fe6aabcf6c120ee574da6bce98f973dc39ff0a94e7499e283e2222022220293b96ac12def518b62c0f878f041d1ee8ab8a8c1fed24771cfd657bb4520e1074391f65a7b399e21c63dfeeac2dbbc402e300e9912e3d00ddd50536a5de69bb3cc1d08d0852b72b9ad7cbb42089e0a46f40cc218d9241992d88c8e59f5f251f4e9420b2e36010d64f371227b869dea36f5aa30960a65a5d12665b00ce5bf72997d30003fa41f2d3c56b5e545afa25c3e6619ead27d8faa0aed9284b8378903c4ab75a6cf06232192adddc70d469568b79cc9ef41177d59bfa4c78e241fb7e7055fa8c56cb4be2cef07496c759fb4aac96a095d9a600da8e3ac478fe792db65a20fca386f58767e9f62aff8fbad86509777c20ac6d659f0bc468e6cfdc78aa05e23b4afdb4d531d52068cec8eed7cd52af5a7c5045222c945925049dcd6593255f6e1b24132ccc8ec92329e1ca557ae0a1da6f557eb15977991efc90616d95cdcdd3cbf3d9572ff00bcc41603d91f31fa88f60a73686f9148399f31810ede272ed71206f5cb6f6b7633841cb7f341a96cb417b8b8f7745811101111011110164b3ba1cd3cc2c6be8282f374d72d20839fe6aae3600e7e1739df3099e923ca21512e97e415eae97875268fa72f124fba0dbbc2c4d703064b467d388e6157dd4a0c2b1599b2e8e39284689ea82668bf1d16bbb8f56ac16aca83f9968f133ecb2dcad96d4670877b1f659ad74c1a0f1c0b4f818f7415c68820f0cfc15b6d6c974743e2156b02b5d4687329bb79a6d27c21045dfb4cb68531f53cbbfe223dd4161567dab6e5407e927bcc2afe1412f7052fe8d577ea68f09fbad9a59073cff68257dba99166fdcf27c325e6f7382cc78bcc777e4a0a5d6a532779cfc5435e5659041192b196ac55a84a0e6d68a05a6376e2b6eeba326559abd89a72734107979af7755c784cbf26eefa8f4e1d504aecc5873f8aef95bf2f372b1daedc28d1350ea7260e2e3bfa7d947527628681006806e0a1f6c2f105c2983d9a623fcb7a0ad6d05e2ecf392ed4fbaadacf6daf8dd3dc160404444045f48441f111101111059ee17cb42b85cd5b0bc03a3b23d771f1f5547d9d7e4add67d105becb93c13b8a8bb5d1c151cce04c74398f252b67763a6ca9ca1dfb9b91fbac37d53cd8ff00a9b07ab72f48418ae67c556f07764ff965eb0a4eb51ec5507730f910541b0c411bb3ef0add5298717c7feca723fc9b3eb2829802b458998a8b0fe903c3fdaabb95cae51ff68c3fa8f91282336b72f83c430fb1500429fdaf32f60e0dfb284a54f139ad1bc81e250596cf4628d26f29ff00928cdac743a9d2fa449ea72fbab453a431b1bf4b47966a9b7e55c75de770387c3f9411618befc29c9650d59699832835ec1636fc518c098cb1693ba56eda2e7a865f13be4663f85b962b18ace1902467ca37a97ad4fe0ee8cb51020fbf7a0a8d677c1639e756891d741e6b9cdf36a3c733f855e76caf3041601067b5c32e1eab99db6ae2712835d1110111101111011110111104c6cfbf3239abad8d73fba6ae17f557ab03e404170d9aa9883e91dfda6f5191f65bb6ca58e9386f69c43a6f55eb0572c7b5e3719eede3c15b1ef0d7c8d0e7dc505615aecd561941ff00a403d0121415e162c0e3844b751ca78a960dfe95367019f7a080b7d0c151cde0e23ba72f256bba7b363a63ea248e927eea26feb19761a806661aeeb191f0f45396da7819498346b40410bb583fa8de2047a2d5d9eb362ac09d192e3ecb7b6929c80fe87d8f9ad8ba6ce69d1263b4fccf260e3d7dd049b2a00da954e807f3eca82f74924ea4c9ef2adf7a578b1bbf53a3c63da553d07a5f5cbe294b9ec609156a0ec83d91f511ec38a093bb6cc28d205d93de065bc366569dbab983dfcc0ef5bd55e5f9ea4e7c95476aaff0c9a54a0c7ccfd64f01d1054f6ced7db741dcdef384054a5bf7b5acbde739e27895a0808888088880888808888088883d537c10782bbdcd68040546537b3f6c8384a0e8144c856963890dfda3d1542c2f90acb61b4b70004c11e6372097b3331118b498e51cd7bb4d2c2f80641d3972596c6d0e68999dc1a249fce2a6295d87090f2d9c2728048312338e48202ad225a1b399708e99c9fce0b62def2e7721a7823ac785e0922672333f833f55b542cee9c8b5c38107c8a0d77d9fe21a4d70ec8c4e774c8c74c82fb69b502d761191cbbb3cbc96f577b5cd3989dfba34803c14257b2990d139f111a673ae7bd061be33b365b9c09efc956490aeb68bb9e590d32d8cc9c84470d7b9437fd00a7a09237919f508342c563987d4f977377bbecdf552bf14bbbb8691c0705ac38958adb780a2c9d5c7e51ee7920f3b417a0a2c34d87b6e199fa41f75cbefcb64031d0296bdede4cb89cce64954bb6da31ba776e41ae51110111101111011110111101111017ba3530b811b978441d1ae4b462033d44ab0d1d151766ed134da37830af173b83889f0e7c1059eeabcc01d990ef0560a351a5af707665b1067102ec8cf1df9ad4b9ee96546769a07020007c42cdf04b7223b43b2e8de4687bc6680f393070711e107d17aa4e8cc651aac46a76e75c390fdc4667bb25e0e40f5fba0d8bbad4cc4f3203c896c8cb813c96e82e0313f3eb9b608cf4507646105ef9d21be399595f6b2d6901d96b84e90358274235e08379b55a5f009688ee194a88ab503be686bc083f4bb98e0a3ed76bc33da90e133a183c4aafde17a9c60b1c4408cb79dfd504bde55dac05c4e5e64f00a8f7bde5889738ff03700be5ed799325ce24f33f90a9d78de45c60141f2f6b7171807afd946a2202daa177d57d37556b09633e676e0bc582c8fad51949825cf21a0733c796f57adb3732c365a762a47b4f12f3bf0ef279b9d3dc0a0e7c8888088880888808888088880888827766dfa8e6af175558544d9bd5ddcaeb631083b1dd359a58083ce3aad7bfea39cfa62967563b422460dd8875552baaf97d3640cceefc8568b059c86824cb9c65c789d3c3820f166b2be3b621c092475df0b65d658d7fc40d5c7929063fb243c626e9cc0e4560bb5b8a434010082633d73418eaba9d360a67ab88fa8a85be2d2c682c61c4e8cc44611fa8f152579585d393fb44c091e7aa87bceef1447c39977ccf76f7390512def2dec9fe3aa86b55a88932ac7b46d1841e63cc1548bdeb100a08abd6de5c708effb28c5f495f101116fdcb763ad354526900904cba63b227720b0ff00f99da6cf4ed0e756706be03691764d93f367b8c401d4a93dbcd91aefaafb5537fc60eccb621ed00641a064e681c33ebaaa057a45ae734ead2418d3230a5eeadaab4d9db818fc4cdcd7f6837f6f0e9a2085217c5e9ef24927324c9ea579404444044441ffd9, 'Admin', '2021-03-23 21:20:19');
INSERT INTO `image` (`image_id`, `label`, `photo`, `user`, `date_added`) VALUES
(5, 'HeadCat', 0xffd8ffe000104a46494600010200006400640000ffec00114475636b7900010004000000190000ffee002141646f62650064c000000001030010030203060000057300000f280000216affdb008400110d0d0d0e0d120e0e121a110f111a1f171212171f22171717171722231b1e1d1d1e1b2323292a2d2a292336363b3b3636414141414141414141414141414141011211111416141815151817131713171d171919171d2b1d1d201d1d2b382823232323283832352d2d2d35323c3c38383c3c414141414141414141414141414141ffc2001108013c00fa03012200021101031101ffc400b000000105010100000000000000000000000001020304060507010100000000000000000000000000000000100002010401030402010402030000000001020300110405121021062031221330143240804107233334151611000103020304070407040a000700000001001102210331410451611205107181a12232132091b14230c1d15262722392b2331440e182a2c24353732406638393d3542535120100000000000000000000000000000080ffda000c03010002110311000000c18000000000028859ea1ca93557cc3bf7f68f398f7950f3f36d9f3925ca60000000000000000000001309ded1ebce0e838dcc34d473ec3b2bc40dc56e571cd94792b455c9faabcf1aadb1cc950000000000000000272c7ab45d11bc18a118c506c566b0f4914b356d54058dc4dd3e4a9b3c9cba33c5eb7a579b8d00000000000709e9f9df491b96bfc7161730790bc560a4c23c237b8ae3e3257432125ee75935387eff0064f0f8f499c100000000b557527a2cee80c7cac408dcd183d82239092d53ba256bdce0628288e26745216743c1b44be49eebe56670540000017d17cfbd54ee8065ab74f9c4239c2d59e01b0dc52bba294b35ac502748261f2b8073109ba9cdd097731a78cf15ad7e80000017bd9703e84152de40891c84b0b9835cb20c72211d7b3584b15fa236bcca4734120d74882e8f33a03a601e539ed863c000b15ed9e8ba7a17c6633b5c3266ad62dc32c44caac089ec23575716ec0a3a789e2436621cc91833b3cbb06a8031780f48c19cf003499bd29ea411993af2c43dd1389192309237c4231107f3efc25844425921713c13c03daf61228a6b9795d529f95fb079619b0035b92d71e9346f71ce231ea5759e1148d496bbda35ed7823a31c2a91cd038b913e327639a326af28bb0c3ea8bfe55eabe5a66800d3667b87ade7f419a29b5ea44d58c8df1dd2bd98ec9523b75422981073c812f54010268d8e24919290f6b8fd3341e7fe81e7463400d067fae7b0707b9c738cd406b406d8aee1e228fb34ad94d22ae742e509006a8e0610c8c0b6b5ac0cea733a877f03bef38326c540b94ee1e99d5ccebcc50e8c12490aa2ca0920243d1e7104575a395ec1c93c4451cf5c155c3e482519dbe3690bfe4be83e7a718007b037db9f2bf5333fc7d86487b98d1923261c2a16695aaa2ab1c31e8e15648864366b8e57c4248c51db0cf698c3e5fa597100000d2ec3cbf427a8f1ba3298c776f9c5599c80c5785596b0f1a84ae82c8e478455ad572458c01bd23b72d8c5192e55fa0000001d9e306afd33ca7566aa0b01c4addce615990c659e3f4de706c74908e67b46ab9481b6a12b48bd5393af490ade70fe294400050450400935193e99eb173cdfd00b15ac87079fada8653ac4c75eadde314a0a77caab62d15ae4d744bad70603a99423e1000280202a02a0a20075bab94be7b058f32db1d700000a17c33f63aea53b6a08a552d6339fc91d9f54014045400000000511441c858ea708379d9f33ea9ea92f94de3d20c3486d4c334ddd5c1503459ca5cc2e531445004000000000000001501445045041c03d88491381a280000800000000001fffda0008010200010500fed03fffda0008010300010500fed03fffda0008010100010500fc9160e64c06b32ae759283169b36603c7f6cd593a5db62a9041fe980249c648ab0359b4cda5f04dbe4187fd79af509e05a2510f886960493c035043784ece06ccd1792c7598bad563af664208fe8e380bae93c7b3b6a759e1fa7c02001591978f8c1f7b8829bc8c830f9363170410fb0c38da29e19865e0e1e6c7b0f0186d9b1e4413e561be37f438f0bcf2693c2e34501234d86d9a3a5d96748acc5e83051756a5863a9b3586a00368de58ce3ed7671be26c21c9aced7e1ec21dd78ce6ea06463298bf36a75397b6cad3e930b4f8f9797162a4f9b3e4176f91e60b90c3e46916f52cc23054ff00eb40228b720b210149518bbe78e48e48e55f21f187324f029fcb8d8d2e4bf8f6963d3e064e4c78d1cf334f2330b9b2d5ee788e2c49a5521428512b0fd602c589ba2824025940358995240f8d909911f9478a2e6d32b29fc40163e27e3cbaec577545cdcb7cb97b2afd86e5830bd8b31b28ee057d8aaa8d249095e25be4ca6c1997928160c0be2e4be3b4522cb1f9b685104a8b6fc11c6d2c9e19a2199975bbcdf9922ecdc891dc5d497bd170d49d88b8548bec691ace581322014841aedc9dc0100bb1363aecb31cb34316443e4ba58753964107d78f148c9afc38f070a4711c625696420043c568b8ab8247bff9ff003cee3112476cb89a3915b89924e445c50e575bd44dc2b91606ff0056bf27f631fca358365a861dbd7e1f8872f73598acf891464172c48048318b7d6457f1ab5c7b9420562d8c99b6fb185c817ab1e2a6945ebe74a45a30193412113d792ead707764107d28bc9fc07182e374ce8463e4b0ae3dcad0b317fe5615f758f6e40f6c83cc1a514d6a488b5225a80268af68b929d344c32ebcdf5a32f5598a39fa60ba9f1080c1a1e9b531be5b0b1b306b5c72a6059a28c1a9218e4420c4e4dc4c6d1be471a8219c93ef01babb94228350737d581fab53c293c13c4cb8be9c3c669c63c2b04159f9f161c52c92c8e5892a1882cc6989a8d2c2c14fbd65227089814c8999eb1f196353ed22f78cd70690156536bd03db57ff0087d377098371e9f12c1fb76dd37727ec6d94908a02d113b0bdaa300b0f66b9a8cf7c823ea894fd308bce45161755f8db852990224a1cb441580e074b2ab43d3cb2068fc87d1830acf97e151f3c3a9a648226ff009652d611b2b170cb447740086f67ef5fc6b24174400446e9905ac14935616956e89c8500050700f177ad1301274f3489536191118723ae18754d2e17e86aeb7b9268b2dd49b4535a5370012d408b72bd03ca9ac0a8f8bceb1b7fc6f5cd99d7d812d44fc11b880f7a22cf6b9d5cbf5ec3a79c42f26b7728a333af8cfd6b9bd336432e4cca43c46f591faff4f22507725ad44da85d6892285c56523b66df88040abf10a6f4a2f4c054605f91675a8c0599183ad6cf15b370b638ef1e2f5f158feddc5643f0867281cb0ba921596370552cbdc9b05637a245ee4b29172ac72188b9635c81553dc1b13ee4b352ff00d6ae02c6c796a7295cf4dac45361d7c217ecdcd6d66fab19a3572d08ae25683d27c013c5d9810c6c568002830b0b192d7245821b52b5c1248637a8bf9a80ab6b88ad78733f4f3d595d6b703e9daf5ff5f2df6d5b991589717ed44779178b2b934492ff00234c86956ac450b529226ff373c5ac2a3bdf97c47bc2a5e59ac58937850d662303a794c9835e54bf56ebaf83cdf56deb64c5b35e3e12316a2e5599d4d1b9283e2d6530c4922b456735ed4a0896f723bd5816e254f22154f712b22335d94105588190a644f1f7f8d79ac58633baf893b2ef2b688c99c656e44a5afc99c712fef18023940be24918597124609c8b30bd5aad610e3b48d90b1434f7b2a722e381e64ac7efef4aa2d29023f1c0074ff60adf63d7c4940df56eedf735ecdde9dd8126f5ed4adf06345ae524647c88c4f1091484706947d8eb224491b316b5c221b4c018ae292d72eaabf672a90725f1b420b1b2f94db33c8a6509374c2c9fd348dd644dec772a1c280c449dd8585302a54a32d9c530ec0563cfc1725d43c73003164558c801145ead5cf8d358a5bbd8d20e5483bb761e38df26175cd7e5e56c4b374c60d2e2786e5be5687630897150da893c789b956a60694598de996d4f17d752b371fa10c93c51332c0b1af321dc102f6a606e18b51ee47b4469795c826bc796cd34ab0c264925c2ebab60337fd7ec4603004642343904da905cf6b3f7603e205d05cd3c5cf1585152ccb177620540bf6e4380d56a6b5116312960458c6c54abdeaed5a581a2c5f2ecb5c5d0ec57f5f4bd6193ea97c3a7fd4dbd6fb18acaa3915bdded65eec6953e0bfc91b94278bb105587bcec3eac045543d999430facf1907ca141662b4a4161f158873931a3faa0f3b9db2327c8b2639f63e88b39f1cab2bae7630cac678da2979766636c75e464555a51611f73180a010d41980e4c4b040b8fde31192002011f190f2a40bc1ed74b28597e3a8c6fbb22b7396723c98924fa3c727191aef0fda8ced5d6cf094bbc4c8e22e690ad8cabc4a21b37c486ec53b90f5f3a5b120f1a25982ada9bb0279146ec4060cc032c7c9b59887171f3b2d30b0f219a2d67a717225c5c8ce9a5c0cdc0cdc7d862cb1aca999ad2c2289b1e592331cf2935196a9149058f2390818cf139393028fb9e4ac68f807376097a91411c40a0c168b15a76b2e8b15a5caaf3ad9164dc4c24cef569b630ac5e39b49fc7f680dc100d4d870ca26c6b97c611aa08457d884cb0c6eb998af237d0d1c58d8cb18b3100700b62d212a789b70162a978612ed161e4e5e4e363c78d0ecb658bacc5972dd5c924faf0dd77b8be19ba7cbc7e9342586422de6e469480f6eccbc8363b065c0918488caaae14bcf6a12c6c0c68525c79782616548d8ba99946363458d1cb2c70c7b4ce9bca76db5cc4cac9e82bb57bfa31f226c69f2320db59b2c6da61f49b195ab2f1ae5d1af23caa758a99132c110191f54707d9f6cd911f17fadafc4a501f5d42589878c84003a7946e26db66eda5835b1fa2f57bd5bd1a3db36af2d6697c73330b371b3f1ba32ab5646024b5269a73581872e330b01b691e6a84c9065642a028c5847852308b06d431ed488116bcab75270965c7d0e3924f4f7a3da8dbadeade8d46e3f4575db2c8f1bc9c2cec6cfc6f564e292d36b59c61eb248c47aec68c85551c56f44d86fbcc0f29264d1c04dfafb57f8f45fa5baebb69261d60e465e94e9bc8b5db84f57117f467ec70f5d8fb0ddecfc8c36cf0f5484963405fa5fd77e9607ae167e560cb1cba7d8326d7caf52983e67a5c9487271f217d599b3c0c04c9f2cda6c1f65194972f633e4c7d2dd09fc57e8455ba626c73b088f2413ac23c767a865dee188fcabc931c7ff6db1147cd374d47c8fcab244c7324a7d8e870df2f7fb4cb1d00e97fcd7e9daad4411d4492285c9c852d9592d4493d3dead561fd20bd76e9f2aed42d736b9e3c7b5a8debb577fc7fffda0008010202063f00207fffda0008010302063f00207fffda0008010101063f00fa4e2b7664623193347de582691b70fcd76d8ff1223d6b048c5af43ed44d9f4ae08d65c376dd06ff0012f0d813fcb72dcbe134257f4976113f370923df174c431197f4700072700103a99f04bfd28f8a7db90ed513cab42616f2d4dc00befe3b9e1fd9084b5bae807c43cee91efe10bf5f557ae1fc0236ebda24bc46fcf79981f08857a16eddc02fc3d399e32fc38d11f4ef6a212c8f1465fe14fa1e6b288c84f8e3fbb23f05c7a9b1639ac0062c07a9ef68497a57749a8e5fa98f9a2fea43f66e70c87bd71e9aec350054c605ae0ffcb931f73a622a31fe866723c1686333f01b4a32d344e9748f5d5dc1e390d9001bbbde85c9c0eaef02e2779a401dd0c3e298500a009ef5c117c0624f626846533d81534f4fcdfd4843516cda07e71e288eb4e2a0e6b86574710c40afc13da9897515e96aecc2fc321300b751c4295ee557e76af47c50b570bc5c64262a3bd0d373ab13b5747f9f103d42369f96e0efdea3312176c5cadabd0f249b2dc4663fa0c6ddab72bd7645a36e00927dca1a8e71fad74561a507f4adfe66c7e1d6800042110c00a000648dbd291c5f7f1aa227765c431187c11322f2de9ce2117a55788093e6adc6d9209fd3247dd8afc284a133138821194ee0bb0fb921f5e2847c970fc87ea2bd0d6598deb78812c41da08a853bda07d5f2d91e2bba79f88c1bef0188fc42a17f37a6ae9c96945de56647e596ed87ebfa71a6d3477dcb87c96e3f7a4859d3c44ae1fe25f23c770fd9b91948bcbe58665715c2d1ca228022466b8a3da9f02325b1d3e61340191142cadc5eb3322cb176c4220e2304ce84848838a85ad50781a7a83cc3ad715b909c4e614f9a7281c3a9c6f699bc17866d1c1ce633eb46ed9f28fe25a3e7b473046cdfeffa5166cc0ceecb0032eb51b343a8b8d3d44f6cf60dc171ccd7e51b4a329cb1ac90881438a7ee5f5293e58260982a8c7e2acc47ca0bf5a77c714d86d4f96c55c02e2cc9c178490366484863f30dea5afe5d110d6004dcb4282ff57e2f8a31906944b481a1047d18880e4d00086a7521f5579a44379064119c8b4620927704665e3134847604db539ec4f8b628654ee5d7f04153de8898f11f291b544483163ee4404c570ba606a71086eaa0d81c17146a0518e6146e42b190708f39d3063c406aa0050bd05cfa8a8ce07c32f97389d9f431b700f291608ebefc5f4da7935b7c273feae81a2b658b715d6ee8a718271401029907c460ab82033477a07318a34a83dc8018e689765d481cc268e613e792a333a8d927f4e6703f2939a9d8bd113b572263389c0c6542add9b3131d35f8f86722fe389c5fb531c47d035b04ddd44859b20625fcdf10159d2db0d1b50112db5aa7dea5725840191ec0ea77a559dd912f9d5709eb45f12315f045f34e7ca9f264e4d334d964b86df9a40852b721e3000975a209c1327d982f12ae792c6a8be18a8dc1f2e68125e70f0cfad5eb718bdeb43d4b5b5e3881d6139c45243637d058321fa5a1b7ea1fcf2a8ef3d17e11aca5090037b2e234608e6e8f1e1b17c02242a8eb4fb507c0621310b80480073c13bb9663d8894e324f993823177da83bd2aaa10389d8a50381c15fb55f283da0b745db4470e9f57e3b4728997d92441c450fb518ed207bd6ab56456edc1089fc30e99d90284f147a8a6f7047bc2ed745836e5554c762e198e138215a6d5dea32cc0aa715cd312004db51936686ec7a93e3922c7c468428877757a63c9c003ef27faba0eaa03f5b4678c36703490fad46f44342fc78c0d87cb21fb43da95c1fe5827b4d07795a570c6e0370ff00689e93f7a0044a71d49dd9f2550cc9f2d8a98147b8a690ae4464b80e1f2ef5b082a25d8018a30b61e4702bd4ba5b2016d288c182e13850d1488c1b0544fba9b8a12ce46a7a2e58b81e37626121ba4195cb52f3e8ef181dd19b8fde8fb566c403dcd55e101f9638fc55bb300d1b7111007e10dd0f223d59d2dc339146e4fcc6a7b50a976628b8a6d39264c139c5fb197c42c19c2e238c6a0a04f5040470c004e478db35b42206e446dc4a701c8c50e28b3e2b203254f728e553d3cdb4ede1b80dc03a8c6e7dbed5a263e0d058067feedef17d7d262ed0b11101f9b12847cc4d1d7a8d5c0451e334c5366304e451189c3255c1917ab052de190c9006b9941f2c51c46c0aa33aa31c9d116e5831ec5c372a0d3a91113c54a2066cef86e53b79c4bf64ba4905bf99b120379e1947d9b56a45a1290e33b202b2ee5aad718b1d5df94a27f04680744eeccb4601ca9dd763724645f7975c402946428f8ec4c4b8ca416c2714e3b50003195111852853a8b66bd338a836031ed55cf044e2734734e3cc3054c704377c5122ae98d1aa54a2ee784bf674f2bd51c38fd39f51215db271b73940ff0064b7b17a76e2653901660063c574b537b02b4da521a5080e31f8cd65dfd034f1341e298de70403b16c131c95cb75a1c536d43aea98606b441b22cab80c11a3be09895184b12e8c8e219bad571c00c91caa81181c42208aaaf7ad8eaa5866e89029f2a86425e13fdae9172113ff001e427c590ab237a25e1a9842f44ffb82bdefec72d13626e6aa726fc96f863de7a6e4e45c991ea67a2040183207b0850840b5f33794b6855cb0540d1d8ba912de645ce380476a0a0002cb87208139afb106c0291cb7a641f028c8d460289c0607250351277a75a1205c10fd1774a0f86f030975152d3dc637b975e366476c2e3ca3ee23d8e5b1385b176e7ef744e5b016458e68139a68e24a8c65403092684bd4028e13333275b860a8705bb6f5a21d038d31dc98d557b0204649ea0668f5227374384600b28b517093bc154f3362a7a732790f1c46ef9ba79ed99485c2c2ef10da2e40fbc0937b1648afa562e13b9e4df5f41debc43ad44c4ee5da5709c956bc459d0db9ad8d8a0075945f047374ed8668d58b514b66d540c0040e2d80553bca073cd532a2f1503109a4372c511b0515abe43c4b898fc2509c4bc641c1dc7a39e44661bf6ee5b3ec5f96cb07be51e88d8dcee9b075111c4234a27c934a9d48b2eb4e7639449abe4bc2d4586f44ecc13938a6777c152b255cd366cb7328803c22a4a90df9ae1ab0c566ea32a3838280979adbc4fd5d1cca229eac6dc8ff0073d8937cf68c7be3d1223e468b762a8727dc85304d2abe0539cb04c3029c55d0085284b29089762d551028d8940944e24a7dcbab2298f5b858d3243b567bc2604b6ec55362734eb4c301b16355760e0f948f8745e94cf0ea65a781b7bf8675eef634e07cc588dce3a25305b88823dc8935a54140f72e221864113be89ce284b17c9022a08aa95a9f841c0ef4f6e4247766a51906947105628d10643870cc9c17046b2c490a98e6862e512ee9c6483e22a517cca246caa20eca29362635f7f4695854da23dd2f6344e7ce2447587fb3a3a82e23518154cb241f3ee446ec50036ae206983a63b714cfdabc2683242f41a331e6da5917c76a35c0b200167cd4e21e400a36d449a97aba276a7068304240e0588477e4aabb910365554e545725900dde89d8172ed3ed847887e7915720308c881d87a741cc622ba4d418cc6d8d27f02546e40bc2604a2768350a13ca4083d61140d1f3e8a8a141aa36af4cd03b8236a7c827ce889192942438a27144c0d06211638d0f6a3c3e294a8fb10c404db734ce83061b149e809708009b3da80772314400e88270c15e185016ed446d0caedd99f0e82d1993fecdb71de5191a925c9ebe9d55a7f208de11df03c27ba4ac7a878a564cacb9d903e1ee214c671f104413d4b7ed4fb50f780b898be61380ef8205b7141aaea276ed4631a190609ee03515d85463661c0d42e7151112e59fb508938d1b2544c432a9602bd69cd362de817c1503108b1619a2772bdb5877ab97a65a16e26723ba21cae65cd267c7a9bb1b1191c5a64dc977440f62119796ebdb90dd30cb57649fe1dfc363c47d8883810c55cb668c4d16436841d3015c4ac71516c5e8c99b038ae11956a8bf9a3805c381cd0e27e146476d16c401f28aa31056c9239b8c77ae106bb1351d36211daeca591c908bb94652f35c93f60a2d5125a57c0b301b4dcc7fbaeb9669f037bd5d4cc7e62211ee8fb10b9f72425ee2eb5bcba5e5d4817ec9dade2fdd97774475111490697584e68422de57c4a7069b5570440a3ec54967822d5daa44622acbb58f5a1b116c5fb9138cb00ca4654980c4ae2c43e1bd3fcd83a35540ccaa6999fa931c420d9fc519338c0a8c639ab76ce3115eb5a0e536ab2b92f52437ccfa70fad1b567f83a38474d6f7fa5491ed93fb3c9f9c423fc0ff8f7c8cfd33c35eb84909c4bc6401077152b5f36313bc2302299128125f6145f0404bdea2d51b55054a6c8e2ca4d811552312011555ebdc830a1c4a2641db065270c246833409d94eb46398c51268762030de9b05508ee4698a123e48788fd9d1abd644f8397c4889c9ec8e11fdf28925c9a93ecf31e4e40376f40ded2bffa901e2037b050b1724faad27e9dd89f3708f2cbdd4e8e3148ccfba48c4e02a5031353805e23527055ab27776a220508c77a60f50898d259ef55c3627a30520cf23b536322680288c0a27139a20d0a6cc2afbbad3035442118d2522bc43f527597d4afeaee792c4253236f08c3b50b933fadccae4aecf6fa56cd3df227dded5ad459970ddb521381de169bfec5cb7c3a7d678cc47961770bb664dbd5bd5e9a4276ee07a7ca7389de1184b02818d4c7bd0130402533d095238be010192739e610030cc2909780e40e69f8833351524e76231844812cd95717c4a1c3442b4389ea449c1d16739ba2e69b021215057165b10bd28bdab41f88e1c470e8b3c9b4c78af5e909de8c716f923da6aa70817b76231b30d8d6a2225bb5fdbbdcab5e7fe0eaf09e3e85ef96e0fad4f97eb89869aecb866fe584be5b8371f82719aaa008623021113a976059079099d811a53695c2e0c4e2362e284b0a0382a8c303b50b510f29172762129d4e7b908c238e6b00e0b14e43876422cc2ab061810805bd3643142c598fe9bf8e67e51b546cdbf2c463993b4a96ab553e18468223cd3965188daaf7fd8f5200d4eb2528f2fb58f0f0f84dc3ba0283694e6a4e27e8072dbe3ffb0d3c09d0dfceec601cd99f66054b96ea9ff9ad1868938cad83c35df1c3a4c8ca82a898c18b2e1f28d8988ed4c0920d590b721855d363128ce27c2f9a10140c1d31aee4c006d8178836fd89a27c52aba0638ec4204180966570998a625705b18d652cc952bb764216e00ca7234000cd46d5a3e96874eed33e585b1e6bb2eb4d65c696c445ad344e56e19f5c8d7d9dfec5bd4589185db52128486442d3ff00da7950f4eec6421cc2c4708dcf9891f766a1abd31784a9289f3424318cba78a38e2ca33018972423c547c51e03e10570de69088a04dc208c9c2b9031e1b6303bd46d8c0870b84115510d4da8b9a3b20c5c63bdd026b103029e41db0540dd10e45cb0f1dbe3e1bb28e172e0c9feec51e4da0b9c447ffa17c7f9d747f963f0c3e3ec7c561d1bfd8e39c7d5d2de1e9ea6c9c276cfd63250e65cb67fcd725d61f1463e5c7ca7eece2adeab4b313b37038398da08c88e969074f1a1d889614c19133893c4e09400c11b50ac47c54244f85d8f566bd589e28938a1c21f229e51e204e0507ed4211146a9cd36ce88f28e567d6d6ea89b773d32f2b71c08a604f72969f49745de6d7a261a8bf0ac74f03e6b7097de39918273d3bd53d8dfec5cd26a61ebf2ed4ff1ece60e1c70d92085db4faae4dab3c512366d1f7671c08cd4355a598b96ae604620e7190c88f6cca231c0a6a03b135c025039278c589c500050276af43ec52e5dc941bba991e03a888e2883ff0087b4efc15eb1190bbce352386fde078869e12c63197df39ecf629edfd7ec4ad5c80d468ee7f174d3f2cb7c4fcb2de8f31e4f33abe57718dfb12c61f86e0f9643ef26b13f4f5003cf4f3f38eafbc3abdb760fec9d4eb2e8b56c50666476440c4a9d8d10fe4b9640b5fbf72423c43f1cbfc214f4dca00bba8349f3198f16ff004a390de8925c92e49c49e9a2a61f414f72a749bba6b8604869c7184e3b251342146649e53ad15f560e6c4a5b4670519dc8c79a685bc37a3e378fe7857deea235170e8ef9a4addd0581fce032e3b1761763b612131dded99eb3510b206523e23d51c4a363febfa39ca387f3138bf688f9476a37f9e6b0eb35630d2db9f170ee94852037051b14b5a6b7fc3d3dba406f3f78ef3d355f57d26d54e97d2ea2e59abb464444f5c70284799686c6ace774445aba7b634ee46763557f965f38093ca1fb50427cbb9c5bd643fd395c133fb375d01aae5d0bfb25078fee9904c793dce23b252ffdb4d6f94907f1719ff084d6ac69f48339cc80dffa933f0427cd7fec31b633b5626647f66d511969b4b3e637ff00f91ab2d1276f0628c257cd9b5959b03d1b6db1a0cfdbd3554a6f54fa6af4569ecb46440d80909e37a71233122178af5c93ed913f5aad7d8dab67f44ae2a8bed556c557054c16f430754555f6fd27ffd9, 'tech1', '2021-03-26 21:58:13');

-- --------------------------------------------------------

--
-- Table structure for table `modality`
--

CREATE TABLE `modality` (
  `modality_id` int(11) NOT NULL,
  `name` varchar(25) NOT NULL
) ENGINE=InnoDB DEFAULT CHARSET=utf8mb4;

--
-- Dumping data for table `modality`
--

INSERT INTO `modality` (`modality_id`, `name`) VALUES
(1, 'CAT Scan'),
(2, 'X-Ray'),
(3, 'MRI');

-- --------------------------------------------------------

--
-- Table structure for table `order`
--

CREATE TABLE `order` (
  `order_id` int(11) NOT NULL,
  `patient_id` int(11) NOT NULL,
  `team_id` int(11) DEFAULT NULL,
  `status_id` int(11) NOT NULL,
  `modality_id` int(11) NOT NULL,
  `image_id` int(11) DEFAULT NULL,
  `appointment` timestamp NULL DEFAULT NULL,
  `date_added` timestamp NOT NULL DEFAULT current_timestamp(),
  `date_completed` date DEFAULT NULL,
  `visit_reason` varchar(150) NOT NULL,
  `imaging_needed` varchar(150) NOT NULL,
  `notes` text DEFAULT NULL,
  `report` text DEFAULT NULL
) ENGINE=InnoDB DEFAULT CHARSET=utf8mb4;

--
-- Dumping data for table `order`
--

INSERT INTO `order` (`order_id`, `patient_id`, `team_id`, `status_id`, `modality_id`, `image_id`, `appointment`, `date_added`, `date_completed`, `visit_reason`, `imaging_needed`, `notes`, `report`) VALUES
(1, 3, 1, 3, 2, 3, '2021-03-30 18:45:00', '2021-03-12 19:33:12', NULL, 'broken leg', 'shoot the bones', '', NULL),
(8, 1, 1, 2, 2, NULL, '2021-07-08 19:30:00', '2021-03-12 22:02:12', NULL, 'Broken Bone', 'Left Hand Thumb', '', NULL),
(12, 1, 1, 4, 2, 1, '2021-03-03 10:30:00', '2021-03-12 22:40:25', '2021-03-12', 'Hurt pride', 'Soul Scan', '', 'Some Report'),
(13, 10, 1, 4, 1, 1, '2021-03-21 18:45:00', '2021-03-12 22:53:05', '2021-03-22', 'Gets light winded', 'Lungs', 'Will die on you be careful.', 'The lungs look healthy. '),
(14, 3, NULL, 1, 1, NULL, NULL, '2021-03-13 04:39:59', NULL, 'Ingesting animal hair', 'Lower intestines', 'I have no notes. ', NULL),
(15, 1, NULL, 1, 3, NULL, NULL, '2021-03-14 18:25:46', NULL, 'Bad Hair', 'Skull', '', NULL),
(16, 11, NULL, 1, 2, NULL, NULL, '2021-03-17 01:42:11', NULL, 'Broken middle toe', 'Right foot', 'Be careful he has a metal knee and will use it.   ', NULL),
(17, 12, 1, 4, 2, 4, '2021-03-23 19:15:00', '2021-03-23 21:18:00', '2021-03-23', 'Broken Hand', 'Left Hand', '', 'Hand look fine. No action need.'),
(18, 13, 1, 4, 1, 5, '2021-03-26 21:30:00', '2021-03-26 21:55:35', '2021-03-26', 'Lightsaber wounds', 'Head', 'Ask patient to remove mask.', 'Maybe crazy, power hungry, but no injury.  ');

-- --------------------------------------------------------

--
-- Table structure for table `patient`
--

CREATE TABLE `patient` (
  `patient_id` int(11) NOT NULL,
  `doctor_id` int(11) NOT NULL,
  `first_name` varchar(25) NOT NULL,
  `middle_name` varchar(25) DEFAULT NULL,
  `last_name` varchar(25) NOT NULL,
  `email` varchar(150) NOT NULL,
  `birthday` date NOT NULL,
  `phone_number` varchar(32) NOT NULL,
  `has_allergy_asthma` tinyint(1) NOT NULL,
  `has_allergy_xraydye` tinyint(1) NOT NULL,
  `has_allergy_mridye` tinyint(1) NOT NULL,
  `has_allergy_latex` tinyint(1) NOT NULL,
  `notes` text NOT NULL
) ENGINE=InnoDB DEFAULT CHARSET=utf8mb4;

--
-- Dumping data for table `patient`
--

INSERT INTO `patient` (`patient_id`, `doctor_id`, `first_name`, `middle_name`, `last_name`, `email`, `birthday`, `phone_number`, `has_allergy_asthma`, `has_allergy_xraydye`, `has_allergy_mridye`, `has_allergy_latex`, `notes`) VALUES
(1, 3, 'James', NULL, 'Nobody', 'nbody@gmail.com', '2020-10-01', '345 341 4151', 0, 0, 1, 1, 'Is a nobody. Is not loved.'),
(3, 4, 'Doug', 'Hurbert', 'Smith', 'smith@gmail.com', '2020-10-01', '345 262 2253', 1, 1, 0, 0, ''),
(5, 4, 'Frank', 'A', 'Snout', 'FSnout@gmail.com', '1998-03-11', '888 359 2423', 1, 1, 1, 1, 'Is always cranky.'),
(6, 3, 'Nathan', 's', 'Alden', 'naalde3055@ung.edu', '2000-09-27', '678 899 9417', 0, 1, 0, 0, ''),
(7, 4, 'Dave', 'V', 'Roarblen', 'DV@gmail.com', '2021-03-01', '323 414 5153', 0, 1, 0, 1, 'Might be a stoner.'),
(8, 3, 'Tom', 'S', 'Nook', 'Tnook@gmail.com', '2021-03-02', '734 226 2623', 0, 0, 1, 1, 'Money lover'),
(9, 3, 'Keven', '', 'Loss', 'Kloss@gmail.com', '2021-03-03', '123 546 6452', 1, 0, 1, 0, 'Is this loss?'),
(10, 3, 'Dan', 'G', 'Heartright', 'Dheart@gmail.com', '2021-02-02', '456 876 5433', 1, 0, 0, 0, 'Cannot breath.'),
(11, 3, 'John', 'Q', 'Athanes', 'JAthanes@gmail.com', '1969-06-09', '234 567 5434', 1, 1, 1, 1, 'Nice guy.'),
(12, 3, 'Luck', '', 'Adam', 'sdf@gmail.com', '2021-03-02', '678 123 1322', 0, 1, 0, 0, 'Notes'),
(13, 4, 'Kylo', '', 'Ren', 'KRen@deathstar.com', '1934-12-22', '678 782 1342', 1, 0, 0, 0, 'Dead dad.');

-- --------------------------------------------------------

--
-- Table structure for table `role`
--

CREATE TABLE `role` (
  `role_id` int(11) NOT NULL,
  `name` varchar(25) NOT NULL
) ENGINE=InnoDB DEFAULT CHARSET=utf8mb4;

--
-- Dumping data for table `role`
--

INSERT INTO `role` (`role_id`, `name`) VALUES
(1, 'Physician'),
(2, 'Receptionist'),
(3, 'Technician'),
(4, 'Radiologist'),
(5, 'Admin');

-- --------------------------------------------------------

--
-- Table structure for table `status`
--

CREATE TABLE `status` (
  `status_id` int(11) NOT NULL,
  `name` varchar(25) NOT NULL
) ENGINE=InnoDB DEFAULT CHARSET=utf8mb4;

--
-- Dumping data for table `status`
--

INSERT INTO `status` (`status_id`, `name`) VALUES
(1, 'Referral Placed'),
(2, 'Checked In'),
(3, 'Imaging Complete'),
(4, 'Analysis Complete'),
(5, 'Archived');

-- --------------------------------------------------------

--
-- Table structure for table `team`
--

CREATE TABLE `team` (
  `team_id` int(11) NOT NULL,
  `technican_id` int(11) NOT NULL,
  `radiologist_id` int(11) NOT NULL,
  `name` varchar(25) NOT NULL
) ENGINE=InnoDB DEFAULT CHARSET=utf8mb4;

--
-- Dumping data for table `team`
--

INSERT INTO `team` (`team_id`, `technican_id`, `radiologist_id`, `name`) VALUES
(1, 1, 2, 'test team');

-- --------------------------------------------------------

--
-- Table structure for table `user`
--

CREATE TABLE `user` (
  `user_id` int(11) NOT NULL,
  `role_id` int(11) NOT NULL,
  `username` varchar(50) NOT NULL,
  `password` varchar(100) NOT NULL,
  `first_name` varchar(25) NOT NULL,
  `middle_name` varchar(25) NOT NULL,
  `last_name` varchar(25) NOT NULL,
  `email` varchar(150) NOT NULL
) ENGINE=InnoDB DEFAULT CHARSET=utf8mb4;

--
-- Dumping data for table `user`
--

INSERT INTO `user` (`user_id`, `role_id`, `username`, `password`, `first_name`, `middle_name`, `last_name`, `email`) VALUES
(1, 3, 'tech1', '2533dda9233d4762f02fe645f660b9ba17d95bfe4d3f663e299387b56a337a97', 'Jerry', 'd', 'Marsh', 'Jmarsh@gmail.com'),
(2, 4, 'radio1', 'f142459b01b907e26c54f1ebe339f46464ee3d28a313d52e1ac7a3aaf6bbeeaa', 'Dan', 'Maven', 'Smith', 'DSmith@gmail.com'),
(3, 1, 'doctor1', '5f0a9c7f624afc79798e66d7fe80c2f0b85553e2d663fbabd45d4c47645e79b0', 'Tom', '', 'Doctor', 'doctor@Gmail.com'),
(4, 1, 'doctor2', 'a8b466a5ddeeb379556f30243d3bcb7377cc621860c3eca95fb18c23de9fefd9', 'Jane', '', 'Foster', 'JFoster@gmail.com'),
(5, 5, 'Admin', 'ce5ca673d13b36118d54a7cf13aeb0ca012383bf771e713421b4d1fd841f539a', 'Main', '', 'Admin', 'Admin@gmail.com'),
(6, 2, 'recep1', '749dd722b5e3ee7addeba8f9455762a797392368625fcc6fbb44d85e49f79b2d', 'Shara', '', 'Middleton', 'SMiddleton@gmail.com');

--
-- Indexes for dumped tables
--

--
-- Indexes for table `image`
--
ALTER TABLE `image`
  ADD PRIMARY KEY (`image_id`);

--
-- Indexes for table `modality`
--
ALTER TABLE `modality`
  ADD PRIMARY KEY (`modality_id`);

--
-- Indexes for table `order`
--
ALTER TABLE `order`
  ADD PRIMARY KEY (`order_id`),
  ADD KEY `patient_id` (`patient_id`),
  ADD KEY `team_id` (`team_id`),
  ADD KEY `status_id` (`status_id`),
  ADD KEY `modality_id` (`modality_id`),
  ADD KEY `image_id` (`image_id`);

--
-- Indexes for table `patient`
--
ALTER TABLE `patient`
  ADD PRIMARY KEY (`patient_id`),
  ADD KEY `doctor_id` (`doctor_id`);

--
-- Indexes for table `role`
--
ALTER TABLE `role`
  ADD PRIMARY KEY (`role_id`);

--
-- Indexes for table `status`
--
ALTER TABLE `status`
  ADD PRIMARY KEY (`status_id`);

--
-- Indexes for table `team`
--
ALTER TABLE `team`
  ADD PRIMARY KEY (`team_id`),
  ADD KEY `radiologist_id` (`radiologist_id`),
  ADD KEY `technican_id` (`technican_id`);

--
-- Indexes for table `user`
--
ALTER TABLE `user`
  ADD PRIMARY KEY (`user_id`),
  ADD KEY `role_id` (`role_id`);

--
-- AUTO_INCREMENT for dumped tables
--

--
-- AUTO_INCREMENT for table `image`
--
ALTER TABLE `image`
  MODIFY `image_id` int(11) NOT NULL AUTO_INCREMENT, AUTO_INCREMENT=6;

--
-- AUTO_INCREMENT for table `modality`
--
ALTER TABLE `modality`
  MODIFY `modality_id` int(11) NOT NULL AUTO_INCREMENT, AUTO_INCREMENT=4;

--
-- AUTO_INCREMENT for table `order`
--
ALTER TABLE `order`
  MODIFY `order_id` int(11) NOT NULL AUTO_INCREMENT, AUTO_INCREMENT=19;

--
-- AUTO_INCREMENT for table `patient`
--
ALTER TABLE `patient`
  MODIFY `patient_id` int(11) NOT NULL AUTO_INCREMENT, AUTO_INCREMENT=15;

--
-- AUTO_INCREMENT for table `role`
--
ALTER TABLE `role`
  MODIFY `role_id` int(11) NOT NULL AUTO_INCREMENT, AUTO_INCREMENT=6;

--
-- AUTO_INCREMENT for table `status`
--
ALTER TABLE `status`
  MODIFY `status_id` int(11) NOT NULL AUTO_INCREMENT, AUTO_INCREMENT=6;

--
-- AUTO_INCREMENT for table `team`
--
ALTER TABLE `team`
  MODIFY `team_id` int(11) NOT NULL AUTO_INCREMENT, AUTO_INCREMENT=2;

--
-- AUTO_INCREMENT for table `user`
--
ALTER TABLE `user`
  MODIFY `user_id` int(11) NOT NULL AUTO_INCREMENT, AUTO_INCREMENT=7;

--
-- Constraints for dumped tables
--

--
-- Constraints for table `order`
--
ALTER TABLE `order`
  ADD CONSTRAINT `image_id` FOREIGN KEY (`image_id`) REFERENCES `image` (`image_id`),
  ADD CONSTRAINT `modality_id` FOREIGN KEY (`modality_id`) REFERENCES `modality` (`modality_id`),
  ADD CONSTRAINT `patient_id` FOREIGN KEY (`patient_id`) REFERENCES `patient` (`patient_id`),
  ADD CONSTRAINT `status_id` FOREIGN KEY (`status_id`) REFERENCES `status` (`status_id`),
  ADD CONSTRAINT `team_id` FOREIGN KEY (`team_id`) REFERENCES `team` (`team_id`);

--
-- Constraints for table `patient`
--
ALTER TABLE `patient`
  ADD CONSTRAINT `doctor_id` FOREIGN KEY (`doctor_id`) REFERENCES `user` (`user_id`);

--
-- Constraints for table `team`
--
ALTER TABLE `team`
  ADD CONSTRAINT `radiologist_id` FOREIGN KEY (`radiologist_id`) REFERENCES `user` (`user_id`),
  ADD CONSTRAINT `technician_id` FOREIGN KEY (`technican_id`) REFERENCES `user` (`user_id`);

--
-- Constraints for table `user`
--
ALTER TABLE `user`
  ADD CONSTRAINT `role_id` FOREIGN KEY (`role_id`) REFERENCES `role` (`role_id`);
COMMIT;

/*!40101 SET CHARACTER_SET_CLIENT=@OLD_CHARACTER_SET_CLIENT */;
/*!40101 SET CHARACTER_SET_RESULTS=@OLD_CHARACTER_SET_RESULTS */;
/*!40101 SET COLLATION_CONNECTION=@OLD_COLLATION_CONNECTION */;
